name,speciality,hospital,city,img,slug,timestamp
"dr. Ade Chandra, Sp.B",Sp. Bedah Umum,Siloam Hospitals Denpasar,"Kuta, Kabupaten Badung",https://d1ojs48v3n42tp.cloudfront.net/personnels/565429_29-11-2022_17-42-45.jpeg,general-surgeon,2025-06-15 09:57:08
"dr. Ade Sigit Mayongkoro, dr., Sp.B Sp.B.J",Sp. Bedah Umum,RS Bayukarta,"Karawang Barat, Kabupaten Karawang",,general-surgeon,2025-06-15 09:57:08
"dr. Adhitya Angga Wardhana, Sp.B (K) BD","Sp. Bedah Umum, Sp. Bedah Digestif",RS Mitra Keluarga Pondok Tjandra,"Waru, Kabupaten Sidoarjo",https://d1ojs48v3n42tp.cloudfront.net/personnels/1635_14-12-2022_14-22-10.png,general-surgeon,2025-06-15 09:57:08
"dr. Adi Sucipto, Sp.B",Sp. Bedah Umum,Siloam Hospitals Bangka,"Pangkalan Baru,  Kabupaten Bangka Tengah",https://d1ojs48v3n42tp.cloudfront.net/personnels/417322_30-6-2022_14-47-54.jpeg,general-surgeon,2025-06-15 09:57:08
"dr. Adimas Haryanaputra Tjindarbumi, Sp.B","Sp. Bedah Umum, Dokter Bedah",RS Mitra Keluarga Cikarang,"Cikarang Utara, Kabupaten Bekasi",https://d1ojs48v3n42tp.cloudfront.net/personnels/759471_31-10-2022_14-22-42.png,general-surgeon,2025-06-15 09:57:08
"dr. Agil Salim, Sp.B (K) Trauma, FINACS, FICS","Sp. Bedah Umum, Dokter Bedah",Mayapada Hospital Bogor,"Bogor Timur, Bogor",https://d1ojs48v3n42tp.cloudfront.net/personnels/638037_13-12-2022_15-55-4.png,general-surgeon,2025-06-15 09:57:08
"dr. Agus Endrawanto, Sp.B, M.Kes",Sp. Bedah Umum,Siloam Hospitals Buton,"Wolio, Kota Bau-Bau",https://d1ojs48v3n42tp.cloudfront.net/personnels/862324_1-11-2022_16-16-20.jpeg,general-surgeon,2025-06-15 09:57:08
"dr. Aladin Sampara Johan, Sp.B","Sp. Bedah Umum, Dokter Bedah",Siloam Hospitals Bekasi Timur,"Bekasi Timur, Bekasi",https://d1ojs48v3n42tp.cloudfront.net/personnels/526964_14-12-2022_15-57-46.png,general-surgeon,2025-06-15 09:57:08
"dr. Ali Reza, Sp.B",Sp. Bedah Umum,Mayapada Hospital Kuningan,"Setiabudi, Jakarta Selatan",https://d1ojs48v3n42tp.cloudfront.net/personnels/892745_4-4-2023_22-30-28.jpeg,general-surgeon,2025-06-15 09:57:08
"dr. Alicia Agustine, Sp.B","Sp. Bedah Umum, Dokter Bedah",Siloam Hospitals Sriwijaya Palembang,"Ilir Barat I, Kota Palembang",https://d1ojs48v3n42tp.cloudfront.net/personnels/683086_5-7-2021_16-31-28.png,general-surgeon,2025-06-15 09:57:08
Dr. Andi Wiradeni Sp.B,Sp. Bedah Umum,Alia Hospital Jakarta Timur,"Duren Sawit, Jakarta Timur",,general-surgeon,2025-06-15 09:57:11
"dr. Andreas Kurniawan Suwito, Sp. B",Sp. Bedah Umum,RS Mitra Keluarga Tegal,"Tegal Barat, Kota Tegal",https://d1ojs48v3n42tp.cloudfront.net/personnels/274661_24-5-2023_9-23-9.png,general-surgeon,2025-06-15 09:57:11
Dr. Andri Suhandi Sp.B,Sp. Bedah Umum,RS Harum Sisma Medika,"Makasar, Jakarta Timur",,general-surgeon,2025-06-15 09:57:11
"dr. Andry Adysaputra, Sp.B",Sp. Bedah Umum,Siloam Hospitals Makassar,"Ujung Pandang, Kota Makassar",https://d1ojs48v3n42tp.cloudfront.net/personnels/670446_2-11-2022_17-38-7.png,general-surgeon,2025-06-15 09:57:11
"dr. Andy Supandi, M. Biomed, Sp. B",Sp. Bedah Umum,RS Mitra Keluarga Pamulang,"Pamulang, Tangerang Selatan",,general-surgeon,2025-06-15 09:57:11
"dr. Anthony Berlim, Sp.B",Sp. Bedah Umum,Siloam Hospitals Lippo Village,"Kelapa Dua, Kabupaten Tangerang",https://d1ojs48v3n42tp.cloudfront.net/personnels/392248_24-3-2022_15-56-2.png,general-surgeon,2025-06-15 09:57:11
"dr. Antonius Agung Purnama, Sp.B",Sp. Bedah Umum,Siloam Hospitals Kebon Jeruk,"Kebon Jeruk, Jakarta Barat",https://d1ojs48v3n42tp.cloudfront.net/personnels/850924_4-5-2022_14-21-38.jpeg,general-surgeon,2025-06-15 09:57:11
"dr. Antonius Arif Kusuma, Sp.B",Sp. Bedah Umum,Siloam Hospitals Yogyakarta,"Gondokusuman, Kota Yogyakarta",https://d1ojs48v3n42tp.cloudfront.net/personnels/538503_29-11-2022_16-43-31.jpeg,general-surgeon,2025-06-15 09:57:11
"dr. Aris Ramdhani, Sp.B","Sp. Bedah Umum, Dokter Bedah",MRCCC Siloam Hospitals Semanggi,"Setiabudi, Jakarta Selatan",https://d1ojs48v3n42tp.cloudfront.net/personnels/257133_9-12-2022_17-40-18.png,general-surgeon,2025-06-15 09:57:11
"dr. Benny Hartono, Sp.B","Sp. Bedah Umum, Dokter Bedah",Siloam Hospitals Jambi,"Jambi Selatan, Kota Jambi",https://d1ojs48v3n42tp.cloudfront.net/personnels/538502_14-6-2022_17-6-15.png,general-surgeon,2025-06-15 09:57:11
"dr. Boby Eko Nugroho, Sp. B",Sp. Bedah Umum,RS Mitra Medika Pontianak,"Pontianak Kota, Kota Pontianak",,general-surgeon,2025-06-15 09:57:15
"dr. Bramastha Aires Rosadi, Sp.B",Sp. Bedah Umum,Mayapada Hospital Jakarta Selatan,"Cilandak, Jakarta Selatan",https://d1ojs48v3n42tp.cloudfront.net/personnels/328997_22-6-2022_15-20-1.jpeg,general-surgeon,2025-06-15 09:57:15
"dr. Budi Susetya Hasoloan Gultom, Sp.B","Sp. Bedah Umum, Dokter Bedah",RS Mitra Keluarga Bekasi,"Bekasi Selatan, Bekasi",https://d1ojs48v3n42tp.cloudfront.net/personnels/713000_14-12-2022_16-31-19.png,general-surgeon,2025-06-15 09:57:15
"dr. Charles Sanggam P Siahaan, Sp.B",Sp. Bedah Umum,Siloam Hospitals Sriwijaya Palembang,"Ilir Barat I, Kota Palembang",https://d1ojs48v3n42tp.cloudfront.net/personnels/228446_21-4-2022_5-44-24.jpeg,general-surgeon,2025-06-15 09:57:15
"dr. Christman Emsipindo Sitepu, Sp.B",Sp. Bedah Umum,Siloam Hospitals Purwakarta,"Bungursari, Kabupaten Purwakarta",https://d1ojs48v3n42tp.cloudfront.net/personnels/479066_12-7-2022_12-5-41.png,general-surgeon,2025-06-15 09:57:15
"dr. Cynthia Tanaka, Sp.B",Sp. Bedah Umum,Siloam Hospitals Jember,"Kaliwates, Kabupaten Jember",https://d1ojs48v3n42tp.cloudfront.net/personnels/612086_28-3-2023_20-9-17.jpeg,general-surgeon,2025-06-15 09:57:15
DR GOOI BOON HUI,Sp. Bedah Umum,Penang Adventist Hospital,"Mampang Prapatan, Jakarta Selatan",,general-surgeon,2025-06-15 09:57:15
dr. Danny Kristianto Rustandi Sp.B,Sp. Bedah Umum,RS Sentra Medika Cisalak,"Sukmajaya, Depok",,general-surgeon,2025-06-15 09:57:15
"dr. Dariatno, Sp.B",Sp. Bedah Umum,RS Mitra Keluarga Grand Wisata,"Tambun Selatan, Kabupaten Bekasi",https://d1ojs48v3n42tp.cloudfront.net/personnels/752805_23-12-2022_12-43-32.jpeg,general-surgeon,2025-06-15 09:57:15
"dr. David Marcellis, Sp.B, FICS",Sp. Bedah Umum,Siloam Hospitals Bogor,"Bogor Tengah, Bogor",https://d1ojs48v3n42tp.cloudfront.net/personnels/414088_29-11-2022_18-28-48.png,general-surgeon,2025-06-15 09:57:15
"dr. David Parulian Sirait, Sp.B., FINACS",Sp. Bedah Umum,Siloam Hospitals Agora,"Cempaka Putih, Jakarta Pusat",https://d1ojs48v3n42tp.cloudfront.net/personnels/3777_30-12-2022_9-51-51.png,general-surgeon,2025-06-15 09:57:17
"dr. Dem Herianto Hutabarat, Sp.B., M.H.Kes","Sp. Bedah Umum, Dokter Bedah",Siloam Hospitals Bekasi Timur,"Bekasi Timur, Bekasi",https://d1ojs48v3n42tp.cloudfront.net/personnels/151022_8-12-2022_23-14-12.png,general-surgeon,2025-06-15 09:57:17
"dr. Dennis William Pratama, Sp.B","Sp. Bedah Umum, Dokter Bedah",RS Mitra Keluarga Bintaro,"Pondok Aren, Tangerang Selatan",https://d1ojs48v3n42tp.cloudfront.net/personnels/710484_4-4-2022_14-35-36.png,general-surgeon,2025-06-15 09:57:17
"dr. Deny Budiman, Sp.B, FINACS",Sp. Bedah Umum,Mayapada Hospital Jakarta Selatan,"Cilandak, Jakarta Selatan",https://d1ojs48v3n42tp.cloudfront.net/personnels/408041_22-6-2022_17-5-20.jpeg,general-surgeon,2025-06-15 09:57:17
"dr. Desak Gede Agung Pramesti Devi, Sp.B",Sp. Bedah Umum,RS Mitra Keluarga Kenjeran,"Mulyorejo, Kota Surabaya",https://d1ojs48v3n42tp.cloudfront.net/personnels/682948_14-12-2022_10-38-59.png,general-surgeon,2025-06-15 09:57:17
"dr. Dewi Fransiska, Sp.B","Sp. Bedah Umum, Dokter Bedah",Mayapada Hospital Kuningan,"Setiabudi, Jakarta Selatan",https://d1ojs48v3n42tp.cloudfront.net/personnels/3664_18-10-2022_17-20-8.jpeg,general-surgeon,2025-06-15 09:57:17
dr. Dharmayanti Francisca Badudu Sp.B (K) Onk,Sp. Bedah Umum,Mayapada Hospital Bandung,"Bandung Kidul, Kota Bandung",,general-surgeon,2025-06-15 09:57:17
"dr. Dismas Adiasa Chaspuri, Sp.B",Sp. Bedah Umum,MRCCC Siloam Hospitals Semanggi,"Setiabudi, Jakarta Selatan",https://d1ojs48v3n42tp.cloudfront.net/personnels/423393_23-6-2022_15-13-27.jpeg,general-surgeon,2025-06-15 09:57:17
dr Djoko Micni Mijaata Sp. B. M,Sp. Bedah Umum,Tzu Chi Hospital,"Penjaringan, Jakarta Utara",,general-surgeon,2025-06-15 09:57:17
"dr. Dono Pranoto, Sp.B, M.Kes",Sp. Bedah Umum,RS Immanuel,"Bojongloa Kidul, Kota Bandung",https://d1ojs48v3n42tp.cloudfront.net/personnels/587178_19-5-2021_23-53-52.jpeg,general-surgeon,2025-06-15 09:57:17
"dr. Dono Pranoto, (Khusus Praktek Siang) Sp.B, M.Kes",Sp. Bedah Umum,RS Immanuel,"Bojongloa Kidul, Kota Bandung",,general-surgeon,2025-06-15 09:57:20
Dr Teoh Mei Shi,Sp. Bedah Umum,Loh Guan Lye,"Mampang Prapatan, Jakarta Selatan",,general-surgeon,2025-06-15 09:57:20
Dr Teoh Mei Shi,Sp. Bedah Umum,Loh Guan Lye,"Mampang Prapatan, Jakarta Selatan",,general-surgeon,2025-06-15 09:57:20
Dr Teoh Mei Shi,Sp. Bedah Umum,Loh Guan Lye,"Mampang Prapatan, Jakarta Selatan",,general-surgeon,2025-06-15 09:57:20
"Dr. Arthur, Sp.B",Sp. Bedah Umum,RS Santo Borromeus,"Coblong, Kota Bandung",,general-surgeon,2025-06-15 09:57:20
Dr. Murli Naraindas,Sp. Bedah Umum,Penang Adventist Hospital,"Mampang Prapatan, Jakarta Selatan",,general-surgeon,2025-06-15 09:57:20
Dr. Teoh Mei Shi,Sp. Bedah Umum,Loh Guan Lye,"Mampang Prapatan, Jakarta Selatan",,general-surgeon,2025-06-15 09:57:20
Dr. Teoh Mei Shi,Sp. Bedah Umum,Loh Guan Lye,"Mampang Prapatan, Jakarta Selatan",,general-surgeon,2025-06-15 09:57:20
Dr. Teoh Mei Shi,Sp. Bedah Umum,Loh Guan Lye,"Mampang Prapatan, Jakarta Selatan",,general-surgeon,2025-06-15 09:57:20
Dr.Kirubakaran Malapan,Sp. Bedah Umum,Gleneagles Penang,"Mampang Prapatan, Jakarta Selatan",,general-surgeon,2025-06-15 09:57:20
"dr. Dudy Disyadi, Sp.B, MSiMed, MMR",Sp. Bedah Umum,RSU Syubbanul Wathon,"Pakis, Kabupaten Magelang",https://d1ojs48v3n42tp.cloudfront.net/personnels/845481_27-9-2022_16-6-3.png,general-surgeon,2025-06-15 09:57:23
"dr. Dwi Heri Susatya, Sp.B",Sp. Bedah Umum,RS Mitra Keluarga Cibubur,"Jatisampurna, Bekasi",https://d1ojs48v3n42tp.cloudfront.net/personnels/368594_4-4-2022_13-56-34.jpeg,general-surgeon,2025-06-15 09:57:23
dr. Dylan Alam Fadhilah,Sp. Bedah Umum,Klinik Nafila Medika,"Telukjambe Timur, Kabupaten Karawang",,general-surgeon,2025-06-15 09:57:23
"dr. Ediyanto, Sp.B","Sp. Bedah Umum, Dokter Bedah",RS Mitra Keluarga Pratama Jatiasih,"Jatiasih, Bekasi",https://d1ojs48v3n42tp.cloudfront.net/personnels/235822_14-12-2022_14-49-9.jpeg,general-surgeon,2025-06-15 09:57:23
"dr. Eduardus Gilang Putra , M.Biomed., Sp.B",Sp. Bedah Umum,RS Mitra Keluarga Grand Wisata,"Tambun Selatan, Kabupaten Bekasi",https://d1ojs48v3n42tp.cloudfront.net/personnels/101091_10-3-2025_10-36-53.png,general-surgeon,2025-06-15 09:57:23
"dr. Edward Syah, Sp.B","Sp. Bedah Umum, Dokter Bedah",Siloam Hospitals Bogor,"Bogor Tengah, Bogor",https://d1ojs48v3n42tp.cloudfront.net/personnels/315603_30-6-2022_16-18-37.png,general-surgeon,2025-06-15 09:57:23
"dr. Erick Satria Corputty, Sp.B",Sp. Bedah Umum,RS Mitra Keluarga Delta Mas,"Cikarang Pusat, Kabupaten Bekasi",https://d1ojs48v3n42tp.cloudfront.net/personnels/794000_21-2-2023_18-48-19.jpeg,general-surgeon,2025-06-15 09:57:23
"dr. Faisal Ali Ahmad Kler, Sp.B",Sp. Bedah Umum,RS Mitra Keluarga Pratama Jatiasih,"Jatiasih, Bekasi",https://d1ojs48v3n42tp.cloudfront.net/personnels/660151_14-12-2022_14-23-45.jpeg,general-surgeon,2025-06-15 09:57:23
"dr. Fanny Indarto, Sp.B",Sp. Bedah Umum,MRCCC Siloam Hospitals Semanggi,"Setiabudi, Jakarta Selatan",https://d1ojs48v3n42tp.cloudfront.net/personnels/27854_22-12-2022_18-1-27.png,general-surgeon,2025-06-15 09:57:23
"dr. Fanty Rahmania, Sp.B","Sp. Bedah Umum, Dokter Bedah",RS Mitra Keluarga Pratama Jatiasih,"Jatiasih, Bekasi",https://d1ojs48v3n42tp.cloudfront.net/personnels/231243_9-12-2022_11-58-2.png,general-surgeon,2025-06-15 09:57:23
dr. Farida Briani Sobri Sp.B,Sp. Bedah Umum,RS MMC,"Setiabudi, Jakarta Selatan",,general-surgeon,2025-06-15 09:57:25
"dr. Felix Hadi Nainggolan , Sp.B",Sp. Bedah Umum,RS Mitra Keluarga Bekasi Timur,"Bekasi Timur, Bekasi",https://d1ojs48v3n42tp.cloudfront.net/personnels/293959_30-4-2025_14-17-54.png,general-surgeon,2025-06-15 09:57:25
"dr. Ferdy Limengka, Sp.B, FINACS",Sp. Bedah Umum,RS Mitra Keluarga Bekasi Timur,"Bekasi Timur, Bekasi",https://d1ojs48v3n42tp.cloudfront.net/personnels/137619_21-12-2022_15-54-25.png,general-surgeon,2025-06-15 09:57:25
Dr. Ferry Sanjaya Sp. B,Sp. Bedah Umum,Siloam Hospitals TB Simatupang,"Cilandak, Jakarta Selatan",,general-surgeon,2025-06-15 09:57:25
"dr. Fika Amanda Maengkom, Sp.B",Sp. Bedah Umum,RS Mitra Keluarga Pondok Tjandra,"Waru, Kabupaten Sidoarjo",https://d1ojs48v3n42tp.cloudfront.net/personnels/863962_14-12-2022_10-39-31.png,general-surgeon,2025-06-15 09:57:25
"dr. Frengky Bermana , Sp.B",Sp. Bedah Umum,RS Mitra Keluarga Cibubur,"Jatisampurna, Bekasi",https://d1ojs48v3n42tp.cloudfront.net/personnels/73412_25-4-2025_14-55-33.png,general-surgeon,2025-06-15 09:57:25
dr. Gede Kesuma Winarta Sp.B,Sp. Bedah Umum,Bali Royal Hospital,"Denpasar Timur, Kota Denpasar",,general-surgeon,2025-06-15 09:57:25
"dr. Halim Wijaya, Sp.B",Sp. Bedah Umum,RS Mitra Keluarga Delta Mas,"Cikarang Pusat, Kabupaten Bekasi",https://d1ojs48v3n42tp.cloudfront.net/personnels/627205_21-2-2023_18-49-12.jpeg,general-surgeon,2025-06-15 09:57:25
"dr. Hanafi Gunawan Macan, Sp.B",Sp. Bedah Umum,RSIA Puri Adhya Paramita,"Terbanggi Besar, Kabupaten Lampung Tengah",,general-surgeon,2025-06-15 09:57:25
"dr. Hanindyo Riezky Beksono Sp.B., M.Ked",Sp. Bedah Umum,RS Haji Jakarta,"Makasar, Jakarta Timur",,general-surgeon,2025-06-15 09:57:25
dr. Harley Pongantung Sp.B,Sp. Bedah Umum,Siloam Hospitals Labuan Bajo,"Komodo, Kabupaten Manggarai Barat",https://d1ojs48v3n42tp.cloudfront.net/personnels/285898_16-7-2020_9-25-15.jpeg,general-surgeon,2025-06-15 09:57:28
"dr. Harmada Hutajulu, Sp.B",Sp. Bedah Umum,Siloam Hospitals Lippo Village,"Kelapa Dua, Kabupaten Tangerang",https://d1ojs48v3n42tp.cloudfront.net/personnels/800343_24-3-2022_16-14-24.jpeg,general-surgeon,2025-06-15 09:57:28
"Dr. dr. Harmin Sarana, MM, FS, Sp.KL, Sp.B",Sp. Bedah Umum,RS Mitra Keluarga Kelapa Gading,"Kelapa Gading, Jakarta Utara",https://d1ojs48v3n42tp.cloudfront.net/personnels/541197_23-6-2022_15-15-23.jpeg,general-surgeon,2025-06-15 09:57:28
"dr. Harris Bartimeus, Sp.B",Sp. Bedah Umum,Siloam Hospitals Silampari (Lubuk Linggau),"Lubuk Linggau Timur I, Kota Lubuk Linggau",https://d1ojs48v3n42tp.cloudfront.net/personnels/221344_2-7-2022_19-30-10.jpeg,general-surgeon,2025-06-15 09:57:28
"dr. Harviandi Sumarsudi, Sp.B",Sp. Bedah Umum,Mayapada Hospital Tangerang,"Tangerang, Tangerang",https://d1ojs48v3n42tp.cloudfront.net/personnels/143981_13-12-2022_12-55-1.png,general-surgeon,2025-06-15 09:57:28
"dr. Hendra Hadiwidjaja, Sp.B","Sp. Bedah Umum, Dokter Bedah",RS Mitra Keluarga Surabaya,"Sukomanunggal, Kota Surabaya",https://d1ojs48v3n42tp.cloudfront.net/personnels/483219_21-12-2022_15-44-4.png,general-surgeon,2025-06-15 09:57:28
dr. Hengky Ham Sp.B (Khusus Praktek Sore),Sp. Bedah Umum,RS Immanuel,"Bojongloa Kidul, Kota Bandung",https://d1ojs48v3n42tp.cloudfront.net/personnels/170851_6-12-2022_17-6-2.png,general-surgeon,2025-06-15 09:57:28
"dr. Hengky Ham, Sp.B",Sp. Bedah Umum,RS Immanuel,"Bojongloa Kidul, Kota Bandung",https://d1ojs48v3n42tp.cloudfront.net/personnels/877003_21-5-2021_11-32-39.jpeg,general-surgeon,2025-06-15 09:57:28
"dr. Hengky Setyahadi, Sp.B., FINACS","Sp. Bedah Umum, Dokter Bedah",MRCCC Siloam Hospitals Semanggi,"Setiabudi, Jakarta Selatan",https://d1ojs48v3n42tp.cloudfront.net/personnels/640936_23-6-2022_15-24-44.jpeg,general-surgeon,2025-06-15 09:57:28
"dr. Hilda Dwijayanti, Sp.B",Sp. Bedah Umum,RS Mitra Keluarga Kalideres,"Kalideres, Jakarta Barat",,general-surgeon,2025-06-15 09:57:28
"dr. I Wayan Agus Murcahya, Sp.B",Sp. Bedah Umum,BIMC Hospitals Nusa Dua,"Kuta Selatan, Kabupaten Badung",https://d1ojs48v3n42tp.cloudfront.net/personnels/111327_31-10-2022_11-47-7.jpeg,general-surgeon,2025-06-15 09:57:30
"dr. I Wayan Wahyu Sutrisna, Sp.B","Sp. Bedah Umum, Dokter Bedah",BIMC Hospitals Nusa Dua,"Kuta Selatan, Kabupaten Badung",https://d1ojs48v3n42tp.cloudfront.net/personnels/452467_31-10-2022_11-52-20.jpeg,general-surgeon,2025-06-15 09:57:30
"dr. Ivor Wiguna Hartanto Wilopo, Sp.B",Sp. Bedah Umum,RS Mitra Keluarga Pondok Tjandra,"Waru, Kabupaten Sidoarjo",https://d1ojs48v3n42tp.cloudfront.net/personnels/40961_19-6-2024_11-52-46.jpeg,general-surgeon,2025-06-15 09:57:30
dr. J. Sihombing Sp. B,Sp. Bedah Umum,RS Bayukarta,"Karawang Barat, Kabupaten Karawang",,general-surgeon,2025-06-15 09:57:30
dr Jassy Suzanne Resa Ranti Sp. B,Sp. Bedah Umum,Sentra Medika Hospital Minahasa Utara,"Kalawat, Kabupaten Minahasa Utara",,general-surgeon,2025-06-15 09:57:30
"dr. Jefri Unggul Prabowo, Sp.B","Sp. Bedah Umum, Dokter Bedah",Mayapada Hospital Bogor,"Bogor Timur, Bogor",https://d1ojs48v3n42tp.cloudfront.net/personnels/456302_13-12-2022_13-20-0.jpeg,general-surgeon,2025-06-15 09:57:30
dr Jepri Bangun Sp. B,Sp. Bedah Umum,RS Permata Keluarga Karawang,"Telukjambe Timur, Kabupaten Karawang",,general-surgeon,2025-06-15 09:57:30
"dr. Jimmy Vareta, Sp.B",Sp. Bedah Umum,Siloam Hospitals Sriwijaya Palembang,"Ilir Barat I, Kota Palembang",https://d1ojs48v3n42tp.cloudfront.net/personnels/601267_20-7-2020_16-18-19.jpeg,general-surgeon,2025-06-15 09:57:30
"dr. John Misto Sangkai, Sp.B",Sp. Bedah Umum,RS Immanuel,"Bojongloa Kidul, Kota Bandung",https://d1ojs48v3n42tp.cloudfront.net/personnels/265248_19-5-2021_23-49-2.jpeg,general-surgeon,2025-06-15 09:57:30
"dr. Jonathan Gidion Montolalu, Sp.B",Sp. Bedah Umum,Siloam Hospitals Manado,"Wenang, Kota Manado",https://d1ojs48v3n42tp.cloudfront.net/personnels/442736_16-7-2020_10-10-34.png,general-surgeon,2025-06-15 09:57:30
"dr. Julius Lumenta, Sp.B","Sp. Bedah Umum, Dokter Bedah",RS Mitra Keluarga Bintaro,"Pondok Aren, Tangerang Selatan",https://d1ojs48v3n42tp.cloudfront.net/personnels/18706_4-4-2022_14-39-26.png,general-surgeon,2025-06-15 09:57:33
"dr. Kristiani Wiek Kustanto, Sp.B","Sp. Bedah Umum, Dokter Bedah",RS Mitra Keluarga Tegal,"Tegal Barat, Kota Tegal",https://d1ojs48v3n42tp.cloudfront.net/personnels/388972_14-12-2022_12-58-56.png,general-surgeon,2025-06-15 09:57:33
"dr. Lakshmi Nawasasi, Sp.B","Sp. Bedah Umum, Dokter Bedah",RS Mitra Keluarga Depok,"Pancoran Mas, Depok",https://d1ojs48v3n42tp.cloudfront.net/personnels/128294_11-4-2022_12-49-53.jpeg,general-surgeon,2025-06-15 09:57:33
"dr. Landry Miguna, Sp.B",Sp. Bedah Umum,RS Immanuel,"Bojongloa Kidul, Kota Bandung",https://d1ojs48v3n42tp.cloudfront.net/personnels/840977_21-5-2021_11-34-28.jpeg,general-surgeon,2025-06-15 09:57:33
"dr. Leila Riany Merlin Lengkong, Sp.B",Sp. Bedah Umum,Siloam Hospitals Bekasi Sepanjang Jaya,"Rawalumbu, Bekasi",https://d1ojs48v3n42tp.cloudfront.net/personnels/236962_29-9-2022_15-23-57.png,general-surgeon,2025-06-15 09:57:33
"dr. Leo Rendy, Sp.B",Sp. Bedah Umum,Siloam Hospitals Bogor,"Bogor Tengah, Bogor",https://d1ojs48v3n42tp.cloudfront.net/personnels/506073_30-6-2022_16-30-3.jpeg,general-surgeon,2025-06-15 09:57:33
"dr. Lewis Lie, Sp.B, FINACS","Sp. Bedah Umum, Dokter Bedah",RS Mitra Keluarga Surabaya,"Sukomanunggal, Kota Surabaya",https://d1ojs48v3n42tp.cloudfront.net/personnels/324526_13-12-2022_17-4-17.jpeg,general-surgeon,2025-06-15 09:57:33
"dr. Lie Venny, Sp.B",Sp. Bedah Umum,RS Mitra Keluarga Surabaya,"Sukomanunggal, Kota Surabaya",https://d1ojs48v3n42tp.cloudfront.net/personnels/884515_20-7-2022_17-4-31.png,general-surgeon,2025-06-15 09:57:33
dr. Lilie Fransiska Sp.B,Sp. Bedah Umum,RS Anugerah Bunda Khatulistiwa,"Pontianak Tenggara, Kota Pontianak",,general-surgeon,2025-06-15 09:57:33
"dr. Linda Ivana, Sp.B",Sp. Bedah Umum,Mayapada Hospital Bogor,"Bogor Timur, Bogor",,general-surgeon,2025-06-15 09:57:33
"dr. Louis Lourence Werinussa, Sp.B",Sp. Bedah Umum,Siloam Hospitals Lippo Cikarang,"Cikarang Selatan, Kabupaten Bekasi",https://d1ojs48v3n42tp.cloudfront.net/personnels/838882_23-6-2022_15-27-51.jpeg,general-surgeon,2025-06-15 09:57:36
dr. M. Arief Sp. PD,Sp. Bedah Umum,RS Mitra Keluarga Depok,"Pancoran Mas, Depok",,general-surgeon,2025-06-15 09:57:36
"dr. M. Hidayat Budi Kusumo, ST, M Si. Med Sp.B",Sp. Bedah Umum,Primaya Hospital Semarang,"Tembalang, Kota Semarang",,general-surgeon,2025-06-15 09:57:36
"dr. M. Toni S. Derus, Sp.B",Sp. Bedah Umum,Siloam Hospitals Putera Bahagia Cirebon,"Harjamukti, Kota Cirebon",https://d1ojs48v3n42tp.cloudfront.net/personnels/743351_20-9-2022_9-58-34.png,general-surgeon,2025-06-15 09:57:36
"dr. Made Yanti Indriyani, Sp.B",Sp. Bedah Umum,BIMC Hospitals Nusa Dua,"Kuta Selatan, Kabupaten Badung",https://d1ojs48v3n42tp.cloudfront.net/personnels/323840_31-10-2022_12-25-23.jpeg,general-surgeon,2025-06-15 09:57:36
"dr. Marthin Parningotan Panggabean, Sp.B",Sp. Bedah Umum,Siloam Hospitals Cinere ( RS Khusus Jantung Diagram Depok),"Cinere, Depok",https://d1ojs48v3n42tp.cloudfront.net/personnels/174114_21-2-2024_14-33-12.png,general-surgeon,2025-06-15 09:57:36
"dr. Martin Saputro Wardoyo, Sp.B",Sp. Bedah Umum,Siloam Hospitals Silampari (Lubuk Linggau),"Lubuk Linggau Timur I, Kota Lubuk Linggau",https://d1ojs48v3n42tp.cloudfront.net/personnels/390439_2-7-2022_19-29-54.jpeg,general-surgeon,2025-06-15 09:57:36
"dr. Maury Wijaya, Sp.B","Sp. Bedah Umum, Dokter Bedah",RS Mitra Keluarga Gading Serpong,"Pagedangan, Kabupaten Tangerang",https://d1ojs48v3n42tp.cloudfront.net/personnels/302230_11-4-2022_11-5-32.jpeg,general-surgeon,2025-06-15 09:57:36
"dr. Med. Setiadi H, Sp.B, MM",Sp. Bedah Umum,RS Immanuel,"Bojongloa Kidul, Kota Bandung",https://d1ojs48v3n42tp.cloudfront.net/personnels/811810_6-12-2022_17-10-22.png,general-surgeon,2025-06-15 09:57:36
"dr. Mervin Arifianto Mangite, Sp.B",Sp. Bedah Umum,Siloam Hospitals Mataram,"Mataram, Kota Mataram",https://d1ojs48v3n42tp.cloudfront.net/personnels/486314_24-3-2023_15-21-6.jpeg,general-surgeon,2025-06-15 09:57:36
dr. Michael Setiawan Sp.B,Sp. Bedah Umum,RS Mitra Keluarga Kelapa Gading,"Kelapa Gading, Jakarta Utara",,general-surgeon,2025-06-15 09:57:39
"dr. Michael Setiawan, Sp.B","Sp. Bedah Umum, Dokter Bedah",RS Mitra Keluarga Kelapa Gading,"Kelapa Gading, Jakarta Utara",https://d1ojs48v3n42tp.cloudfront.net/personnels/158855_13-12-2022_16-56-41.png,general-surgeon,2025-06-15 09:57:39
"dr. Mille Milasari Pranoto, Sp.B",Sp. Bedah Umum,Siloam Hospitals TB Simatupang,"Cilandak, Jakarta Selatan",https://d1ojs48v3n42tp.cloudfront.net/personnels/479308_24-6-2022_18-11-12.jpeg,general-surgeon,2025-06-15 09:57:39
"Moch. Ilfan Gunadi, Dr, Sp.B",Sp. Bedah Umum,RS Islam Jakarta Cempaka Putih,"Cempaka Putih, Jakarta Pusat",,general-surgeon,2025-06-15 09:57:39
"dr. Mochamad Nasiyanto, Sp.B","Sp. Bedah Umum, Dokter Bedah",RS Mitra Keluarga Kemayoran,"Kemayoran, Jakarta Pusat",https://d1ojs48v3n42tp.cloudfront.net/personnels/386073_22-3-2022_21-0-58.jpeg,general-surgeon,2025-06-15 09:57:39
"dr. Mohamad Rachadian Ramadan Sp.B.P.R.E, Subsp. M.O. (K)",Sp. Bedah Umum,RS Pondok Indah - Pondok Indah,"Kebayoran Lama, Jakarta Selatan",,general-surgeon,2025-06-15 09:57:39
"dr. Mozes Santovani, Sp.B","Sp. Bedah Umum, Dokter Bedah",Siloam Hospitals Palangka Raya,"Pahandut, Kota Palangka Raya",https://d1ojs48v3n42tp.cloudfront.net/personnels/572921_30-6-2022_18-2-53.jpeg,general-surgeon,2025-06-15 09:57:39
"dr. Muhammad Afif Heldian Putra , Sp.B",Sp. Bedah Umum,RS Mitra Keluarga Gading Serpong,"Pagedangan, Kabupaten Tangerang",https://d1ojs48v3n42tp.cloudfront.net/personnels/310570_8-5-2025_13-46-19.png,general-surgeon,2025-06-15 09:57:39
"dr. Muqodrianto, Sp.B","Sp. Bedah Umum, Dokter Bedah",RS Mitra Keluarga Kemayoran,"Kemayoran, Jakarta Pusat",https://d1ojs48v3n42tp.cloudfront.net/personnels/747039_22-3-2022_21-0-34.jpeg,general-surgeon,2025-06-15 09:57:39
"dr. Muqodriyanto, Sp.B","Sp. Bedah Umum, Dokter Bedah",RS Mitra Keluarga Depok,"Pancoran Mas, Depok",https://d1ojs48v3n42tp.cloudfront.net/personnels/336449_11-4-2022_12-51-25.jpeg,general-surgeon,2025-06-15 09:57:39
dr. Mursid Fadli Sp.B (K)V,Sp. Bedah Umum,RS Mitra Keluarga Bekasi,"Bekasi Selatan, Bekasi",,general-surgeon,2025-06-15 09:57:42
"dr. Myra Sylvina Amri, Sp.B","Sp. Bedah Umum, Dokter Bedah",Mayapada Hospital Jakarta Selatan,"Cilandak, Jakarta Selatan",https://d1ojs48v3n42tp.cloudfront.net/personnels/363434_22-6-2022_15-57-32.jpeg,general-surgeon,2025-06-15 09:57:42
"dr. Natalia Maria Christina, Sp.B",Sp. Bedah Umum,Siloam Hospitals Kelapa Dua,"Kelapa Dua, Kabupaten Tangerang",https://d1ojs48v3n42tp.cloudfront.net/personnels/756434_29-11-2022_16-13-27.jpeg,general-surgeon,2025-06-15 09:57:42
"dr. Nidia Limarga, Sp.B, FICS",Sp. Bedah Umum,Mayapada Hospital Bogor,"Bogor Timur, Bogor",https://d1ojs48v3n42tp.cloudfront.net/personnels/749197_6-4-2023_16-46-28.jpeg,general-surgeon,2025-06-15 09:57:42
"dr. Novelia Dara Monika, Sp.B",Sp. Bedah Umum,Siloam Hospitals Purwakarta,"Bungursari, Kabupaten Purwakarta",https://d1ojs48v3n42tp.cloudfront.net/personnels/470112_23-12-2022_17-58-10.jpeg,general-surgeon,2025-06-15 09:57:42
"dr. Novi Christina Indrajaya , Sp. B",Sp. Bedah Umum,RS Mitra Keluarga Grand Wisata,"Tambun Selatan, Kabupaten Bekasi",https://d1ojs48v3n42tp.cloudfront.net/personnels/298770_10-3-2025_10-55-2.jpeg,general-surgeon,2025-06-15 09:57:42
"dr. Novia Chrisnawati, Sp.B",Sp. Bedah Umum,RS Mitra Keluarga Waru,"Waru, Kabupaten Sidoarjo",https://d1ojs48v3n42tp.cloudfront.net/personnels/584819_9-10-2024_14-31-19.png,general-surgeon,2025-06-15 09:57:42
"dr. Oktaviati, Sp.B",Sp. Bedah Umum,RS Mitra Keluarga Pratama Jatiasih,"Jatiasih, Bekasi",https://d1ojs48v3n42tp.cloudfront.net/personnels/146119_11-1-2023_15-24-12.png,general-surgeon,2025-06-15 09:57:42
"dr. Owen Sitompul, M.Ked(Surg) SpB",Sp. Bedah Umum,Siloam Hospitals Dhirga Surya Medan,"Medan Petisah, Kota Medan",,general-surgeon,2025-06-15 09:57:42
"dr. R. Deden Sucahyana, Sp.B., M.Kes., FINACS., FICS","Sp. Bedah Umum, Dokter Bedah",Siloam Hospitals Jambi,"Jambi Selatan, Kota Jambi",https://d1ojs48v3n42tp.cloudfront.net/personnels/670918_14-6-2022_17-6-57.jpeg,general-surgeon,2025-06-15 09:57:42
dr. RAMADHAN Sp.B Onk,Sp. Bedah Umum,RS Kanker Dharmais,"Palmerah, Jakarta Barat",,general-surgeon,2025-06-15 09:57:45
"dr. Ramadhana Effendy, Sp.B",Sp. Bedah Umum,Mayapada Hospital Jakarta Selatan,"Cilandak, Jakarta Selatan",https://d1ojs48v3n42tp.cloudfront.net/personnels/420180_22-6-2022_15-30-8.jpeg,general-surgeon,2025-06-15 09:57:45
"dr. Raymond Christian, Sp.B",Sp. Bedah Umum,Siloam Hospitals Dhirga Surya Medan,"Medan Petisah, Kota Medan",https://d1ojs48v3n42tp.cloudfront.net/personnels/373005_29-3-2023_21-3-1.jpeg,general-surgeon,2025-06-15 09:57:45
"dr. Riki Kartadinata, Sp.B",Sp. Bedah Umum,Siloam Hospitals Mampang,"Pancoran, Jakarta Selatan",https://d1ojs48v3n42tp.cloudfront.net/personnels/676025_23-6-2022_15-42-28.jpeg,general-surgeon,2025-06-15 09:57:45
"dr. Rixendo, Sp.B","Sp. Bedah Umum, Dokter Bedah",Siloam Hospitals Jambi,"Jambi Selatan, Kota Jambi",https://d1ojs48v3n42tp.cloudfront.net/personnels/142193_14-6-2022_17-6-39.jpeg,general-surgeon,2025-06-15 09:57:45
"dr. Rizal Ngatino, Sp.B",Sp. Bedah Umum,Siloam Hospitals Kebon Jeruk,"Kebon Jeruk, Jakarta Barat",https://d1ojs48v3n42tp.cloudfront.net/personnels/786701_22-12-2022_17-4-11.png,general-surgeon,2025-06-15 09:57:45
"dr. Robin Kurnia Wijaya, Sp.B",Sp. Bedah Umum,RS Mitra Keluarga Pondok Tjandra,"Waru, Kabupaten Sidoarjo",https://d1ojs48v3n42tp.cloudfront.net/personnels/88552_14-12-2022_14-25-38.jpeg,general-surgeon,2025-06-15 09:57:45
"dr. Rofina Fridarika Kristiana Situmorang, Sp.B",Sp. Bedah Umum,RS Mitra Keluarga Cibubur,"Jatisampurna, Bekasi",https://d1ojs48v3n42tp.cloudfront.net/personnels/628324_4-4-2022_14-14-3.jpeg,general-surgeon,2025-06-15 09:57:45
"dr. Roland Octavianus Karema, Sp.B",Sp. Bedah Umum,Siloam Hospitals Putera Bahagia Cirebon,"Harjamukti, Kota Cirebon",https://d1ojs48v3n42tp.cloudfront.net/personnels/579337_20-9-2022_9-54-32.jpeg,general-surgeon,2025-06-15 09:57:45
dr Ronald Sp. B,Sp. Bedah Umum,RS Permata Pamulang,"Pamulang, Tangerang Selatan",,general-surgeon,2025-06-15 09:57:45
dr. Ropin Kurnia Wijaya Sp.B,Sp. Bedah Umum,RS Mitra Keluarga Kenjeran,"Mulyorejo, Kota Surabaya",,general-surgeon,2025-06-15 09:57:47
dr. Rossy Heriancy Sp.B,Sp. Bedah Umum,RS Mitra Keluarga Waru,"Waru, Kabupaten Sidoarjo",,general-surgeon,2025-06-15 09:57:47
"dr. Roys A. Pangayoman, Sp.B, FINACS",Sp. Bedah Umum,Siloam Hospitals TB Simatupang,"Cilandak, Jakarta Selatan",https://d1ojs48v3n42tp.cloudfront.net/personnels/122243_24-6-2022_18-14-28.jpeg,general-surgeon,2025-06-15 09:57:47
"dr. Rudi Hartanto, Sp.B",Sp. Bedah Umum,Siloam Hospitals Lippo Village,"Kelapa Dua, Kabupaten Tangerang",https://d1ojs48v3n42tp.cloudfront.net/personnels/773791_25-3-2022_9-1-14.jpeg,general-surgeon,2025-06-15 09:57:47
"dr. Rudy Sutedja, Sp.B",Sp. Bedah Umum,Siloam Hospitals Kebon Jeruk,"Kebon Jeruk, Jakarta Barat",https://d1ojs48v3n42tp.cloudfront.net/personnels/89327_18-4-2022_10-46-48.png,general-surgeon,2025-06-15 09:57:47
Dr. Ryanto Karobuana Sitepu Sp. B-KBD,Sp. Bedah Umum,Siloam Hospitals Lippo Cikarang,"Cikarang Selatan, Kabupaten Bekasi",,general-surgeon,2025-06-15 09:57:47
Dr. SUYANTO Sp B,Sp. Bedah Umum,RS Katolik St. Vincentius a Paulo (RKZ),"Wonokromo, Kota Surabaya",,general-surgeon,2025-06-15 09:57:47
"dr. Sahudi, Sp.B","Sp. Bedah Umum, Dokter Bedah",Siloam Hospitals Surabaya,"Gubeng, Kota Surabaya",https://d1ojs48v3n42tp.cloudfront.net/personnels/805804_5-7-2021_17-26-6.png,general-surgeon,2025-06-15 09:57:47
"dr. Sasangka Haning Rahadian Tyas Wardhana, Sp.B","Sp. Bedah Umum, Dokter Bedah",Siloam Hospitals TB Simatupang,"Cilandak, Jakarta Selatan",https://d1ojs48v3n42tp.cloudfront.net/personnels/660033_24-6-2022_18-14-56.jpeg,general-surgeon,2025-06-15 09:57:47
"dr. Sekar Dorojati Yuliana, Sp.B",Sp. Bedah Umum,Siloam Hospitals Mampang,"Pancoran, Jakarta Selatan",https://d1ojs48v3n42tp.cloudfront.net/personnels/35649_16-6-2022_14-6-56.png,general-surgeon,2025-06-15 09:57:47
"dr. Seta Pratama, Sp.B","Sp. Bedah Umum, Dokter Bedah",Siloam Hospitals Sriwijaya Palembang,"Ilir Barat I, Kota Palembang",https://d1ojs48v3n42tp.cloudfront.net/personnels/215454_22-12-2022_18-3-12.jpeg,general-surgeon,2025-06-15 09:57:50
"dr Singgih Winoto, Sp.B",Sp. Bedah Umum,RS Sentra Medika Cisalak,"Sukmajaya, Depok",,general-surgeon,2025-06-15 09:57:50
"dr Singgih Winoto, Sp.B",Sp. Bedah Umum,RS Sentra Medika Cisalak,"Sukmajaya, Depok",,general-surgeon,2025-06-15 09:57:50
"dr. Sonny Seputra, M.Ked.Klin, Sp.B, FINACS",Sp. Bedah Umum,Siloam Hospitals Surabaya,"Gubeng, Kota Surabaya",https://d1ojs48v3n42tp.cloudfront.net/personnels/677857_18-9-2020_12-36-16.png,general-surgeon,2025-06-15 09:57:50
"dr. Su Husman Jaya, Sp.B",Sp. Bedah Umum,Siloam Hospitals Denpasar,"Kuta, Kabupaten Badung",https://d1ojs48v3n42tp.cloudfront.net/personnels/123934_8-4-2021_12-28-46.png,general-surgeon,2025-06-15 09:57:50
Dr. Sukamto Sp.BM,Sp. Bedah Umum,RSU Islam Harapan Anda Tegal,"Tegal Selatan, Kota Tegal",,general-surgeon,2025-06-15 09:57:50
"dr. Sumanto, M.Kes, Sp.B","Sp. Bedah Umum, Dokter Bedah",RS Mitra Keluarga Gading Serpong,"Pagedangan, Kabupaten Tangerang",https://d1ojs48v3n42tp.cloudfront.net/personnels/164884_11-4-2022_11-10-51.jpeg,general-surgeon,2025-06-15 09:57:50
"dr. Suprayadi Chandra , SpB",Sp. Bedah Umum,RS Mitra Keluarga Bekasi Timur,"Bekasi Timur, Bekasi",https://d1ojs48v3n42tp.cloudfront.net/personnels/322365_29-4-2025_14-23-45.png,general-surgeon,2025-06-15 09:57:50
"dr. Suyanto, Sp.B",Sp. Bedah Umum,RS Mitra Keluarga Surabaya,"Sukomanunggal, Kota Surabaya",https://d1ojs48v3n42tp.cloudfront.net/personnels/338342_29-3-2023_17-19-34.jpeg,general-surgeon,2025-06-15 09:57:50
dr. TANTRI BAGUS SATRIO Sp. B,Sp. Bedah Umum,RS PKU Muhammadiyah Cepu,"Cepu, Kabupaten Blora",,general-surgeon,2025-06-15 09:57:50
"dr. Taufik Aziz, Sp.B",Sp. Bedah Umum,Siloam Hospitals Bekasi Sepanjang Jaya,"Rawalumbu, Bekasi",https://d1ojs48v3n42tp.cloudfront.net/personnels/110564_1-11-2022_12-39-26.jpeg,general-surgeon,2025-06-15 09:57:53
"dr. Taufik Sudirman, Sp.B",Sp. Bedah Umum,Siloam Hospitals Lippo Village,"Kelapa Dua, Kabupaten Tangerang",https://d1ojs48v3n42tp.cloudfront.net/personnels/608121_25-3-2022_9-22-34.jpeg,general-surgeon,2025-06-15 09:57:53
"dr. Terri Sandi Susyanto, Sp.B",Sp. Bedah Umum,RS Immanuel,"Bojongloa Kidul, Kota Bandung",https://d1ojs48v3n42tp.cloudfront.net/personnels/271311_21-5-2021_11-43-14.jpeg,general-surgeon,2025-06-15 09:57:53
"dr. Terri Sandi Susyanto, Sp.B (Khusus Praktek Sore)",Sp. Bedah Umum,RS Immanuel,"Bojongloa Kidul, Kota Bandung",https://d1ojs48v3n42tp.cloudfront.net/personnels/87490_6-12-2022_17-13-35.png,general-surgeon,2025-06-15 09:57:53
"dr. Terry Renata Lawanto, Sp.B",Sp. Bedah Umum,Mayapada Hospital Kuningan,"Setiabudi, Jakarta Selatan",https://d1ojs48v3n42tp.cloudfront.net/personnels/360400_3-2-2022_14-33-8.jpeg,general-surgeon,2025-06-15 09:57:53
"dr. Terry Soebhi, Sp.B. Subsp. Onk(K)",Sp. Bedah Umum,RS dr. Oen Solo Baru,"Grogol, Kab Sukoharjo",,general-surgeon,2025-06-15 09:57:53
"Tery Nehemia Nugraha Joseph, Sp.B",Sp. Bedah Umum,RS Mitra Keluarga Pamulang,"Pamulang, Tangerang Selatan",,general-surgeon,2025-06-15 09:57:53
dr. Try S Rahmatan Sp.B,Sp. Bedah Umum,RS Lira Medika,"Karawang Timur, Kabupaten Karawang",,general-surgeon,2025-06-15 09:57:53
"dr. Valery Ivanov Arwadi, Sp.B","Sp. Bedah Umum, Dokter Bedah",RS Bina Husada,"Cibinong, Kabupaten Bogor",https://d1ojs48v3n42tp.cloudfront.net/personnels/493114_14-12-2022_12-54-32.png,general-surgeon,2025-06-15 09:57:53
"dr. Vetty Uli Roida, Sp.B","Sp. Bedah Umum, Dokter Bedah",Mayapada Hospital Tangerang,"Tangerang, Tangerang",https://d1ojs48v3n42tp.cloudfront.net/personnels/360886_13-12-2022_11-7-21.jpeg,general-surgeon,2025-06-15 09:57:53
"dr. Wahyuni Indrawati, Sp.B",Sp. Bedah Umum,RSUP Dr. Sitanala Tangerang,"Neglasari, Tangerang",https://d1ojs48v3n42tp.cloudfront.net/personnels/799933_4-2-2021_16-50-19.jpeg,general-surgeon,2025-06-15 09:57:56
"dr. Widjajanto, Sp.B",Sp. Bedah Umum,Mayapada Hospital Bogor,"Bogor Timur, Bogor",https://d1ojs48v3n42tp.cloudfront.net/personnels/475851_13-12-2022_14-6-54.jpeg,general-surgeon,2025-06-15 09:57:56
"dr. Widjoyo, Sp.B",Sp. Bedah Umum,Siloam Hospitals Makassar,"Ujung Pandang, Kota Makassar",https://d1ojs48v3n42tp.cloudfront.net/personnels/377907_15-6-2022_16-23-57.jpeg,general-surgeon,2025-06-15 09:57:56
"dr. Windiarti Budi Lestari, Sp.B",Sp. Bedah Umum,Siloam Hospitals Jember,"Kaliwates, Kabupaten Jember",https://d1ojs48v3n42tp.cloudfront.net/personnels/110492_28-3-2023_20-8-29.jpeg,general-surgeon,2025-06-15 09:57:56
dr. Yan Adriano Senjaya Sp. B,Sp. Bedah Umum,RS Lira Medika,"Karawang Timur, Kabupaten Karawang",,general-surgeon,2025-06-15 09:57:56
dr. Yessy Martha Sari Sp.B,Sp. Bedah Umum,Siloam Hospitals Yogyakarta,"Gondokusuman, Kota Yogyakarta",https://d1ojs48v3n42tp.cloudfront.net/personnels/808342_29-11-2022_15-1-30.jpeg,general-surgeon,2025-06-15 09:57:56
"dr. Yonathan Adi Purnomo, Sp.B","Sp. Bedah Umum, Dokter Bedah",RS Mitra Keluarga Gading Serpong,"Pagedangan, Kabupaten Tangerang",https://d1ojs48v3n42tp.cloudfront.net/personnels/834461_11-4-2022_11-14-9.jpeg,general-surgeon,2025-06-15 09:57:56
"dr. Yossi Andila, Sp.B",Sp. Bedah Umum,Siloam Hospitals Dhirga Surya Medan,"Medan Petisah, Kota Medan",https://d1ojs48v3n42tp.cloudfront.net/personnels/830828_29-3-2023_21-21-43.jpeg,general-surgeon,2025-06-15 09:57:56
dr. Yunica,Sp. Bedah Umum,Mayapada Hospital Jakarta Selatan,"Cilandak, Jakarta Selatan",,general-surgeon,2025-06-15 09:57:56
"dr. Yustinus Rurie Wirawan, Sp.B","Sp. Bedah Umum, Dokter Bedah",Siloam Hospitals Bangka,"Pangkalan Baru,  Kabupaten Bangka Tengah",https://d1ojs48v3n42tp.cloudfront.net/personnels/415211_30-6-2022_14-48-18.jpeg,general-surgeon,2025-06-15 09:57:56
dr Shaun Khoo,Sp. Bedah Umum,Gleneagles Penang,"Mampang Prapatan, Jakarta Selatan",,general-surgeon,2025-06-15 09:57:59
"dr. Agung Sumastoro, Sp.B-KBD",Sp. Bedah Umum,Mayapada Hospital Kuningan,"Setiabudi, Jakarta Selatan",,general-surgeon,2025-06-15 09:57:59
"dr. Agus Sri Haryanto, Sp.B, FINACS",Sp. Bedah Umum,RS dr. Oen Solo Baru,"Grogol, Kab Sukoharjo",,general-surgeon,2025-06-15 09:57:59
"dr. Andina Destiyani Putri, SpB",Sp. Bedah Umum,RS Intan Husada Garut,"Tarogong Kidul, Kabupaten Garut",,general-surgeon,2025-06-15 09:57:59
"dr. Charley Simanjuntak, SpB, Sub. BVE",Sp. Bedah Umum,Tzu Chi Hospital,"Penjaringan, Jakarta Utara",,general-surgeon,2025-06-15 09:57:59
"dr. Dimas A. Chaspuri, SpB",Sp. Bedah Umum,MRCCC Siloam Hospitals Semanggi,"Setiabudi, Jakarta Selatan",,general-surgeon,2025-06-15 09:57:59
dr. Donny Wisnu Wardhana Sp.BS,Sp. Bedah Umum,Persada Hospital,"Blimbing, Kota Malang",,general-surgeon,2025-06-15 09:57:59
"dr. Hadiyana Suryadi, Sp.B",Sp. Bedah Umum,RS Intan Husada Garut,"Tarogong Kidul, Kabupaten Garut",,general-surgeon,2025-06-15 09:57:59
"dr. Hendry, Sp.B.Onk",Sp. Bedah Umum,Prima Medika Hospital,"Denpasar Barat, Kota Denpasar",,general-surgeon,2025-06-15 09:57:59
"dr. Isti Lukita Rahmaningrum, Sp. B",Sp. Bedah Umum,RS Dirgahayu Samarinda,"Samarinda Ulu, Kota Samarinda",,general-surgeon,2025-06-15 09:57:59
"dr. Lucky Permana, Sp.B",Sp. Bedah Umum,RS Medistra,"Setiabudi, Jakarta Selatan",,general-surgeon,2025-06-15 09:58:01
"dr. M. Subarkah, Sp. B",Sp. Bedah Umum,RS Benggala,"Serang, Kota Serang",,general-surgeon,2025-06-15 09:58:01
"dr. Michael Iskandar Zhang, Sp.B, AIFO-K, FICS, FINACS",Sp. Bedah Umum,Tzu Chi Hospital,"Penjaringan, Jakarta Utara",,general-surgeon,2025-06-15 09:58:01
"dr. Nurfathonah Sp. B., M.Kes",Sp. Bedah Umum,JIH Solo,"Laweyan, Kota Surakarta",,general-surgeon,2025-06-15 09:58:01
"dr. Ponti Herjuno, Sp.B",Sp. Bedah Umum,RS Katolik St. Vincentius a Paulo (RKZ),"Wonokromo, Kota Surabaya",,general-surgeon,2025-06-15 09:58:01
"dr. Sirajul Munir, Sp.B",Sp. Bedah Umum,RS Dirgahayu Samarinda,"Samarinda Ulu, Kota Samarinda",,general-surgeon,2025-06-15 09:58:01
"dr. Tan Hengky, Sp.B",Sp. Bedah Umum,RS Telogorejo,"Semarang Tengah, Kota Semarang",,general-surgeon,2025-06-15 09:58:01
"dr. Wahyu Prihandoko, SpB",Sp. Bedah Umum,RS Meloy Sangatta,"Sangatta Utara, Kabupaten Kutai Timur",,general-surgeon,2025-06-15 09:58:01
"dr. Yuanita Permata, SpB",Sp. Bedah Umum,RS Mitra Keluarga Bintaro,"Pondok Aren, Tangerang Selatan",,general-surgeon,2025-06-15 09:58:01
dr.Lau Peng Choong,Sp. Bedah Umum,Pantai Hospital Kuala Lumpur,"Mampang Prapatan, Jakarta Selatan",,general-surgeon,2025-06-15 09:58:01
"dr.Leonardo Cahyo Nugroho, Sp.B",Sp. Bedah Umum,Siloam Hospitals Yogyakarta,"Gondokusuman, Kota Yogyakarta",,general-surgeon,2025-06-15 09:58:04
Dr. AA Christedy Pramana Sp.B,Sp. Bedah Umum,halodoc,"Setiabudi, Jakarta Selatan",,general-surgeon,2025-06-15 09:58:04
"Dr. Ahmad Sp.B, M.Kes, FINACS",Sp. Bedah Umum,halodoc,"Setiabudi, Jakarta Selatan",,general-surgeon,2025-06-15 09:58:04
"Dr. Ajeng Tribawati Sp.B, FINACS",Sp. Bedah Umum,halodoc,"Setiabudi, Jakarta Selatan",,general-surgeon,2025-06-15 09:58:04
"Dr. Albertus Ari Adrianto Sp.B, KBD",Sp. Bedah Umum,halodoc,"Setiabudi, Jakarta Selatan",,general-surgeon,2025-06-15 09:58:04
Dr. Ali Akbar Rahmani Sp.B,Sp. Bedah Umum,halodoc,"Setiabudi, Jakarta Selatan",,general-surgeon,2025-06-15 09:58:04
"Dr. Anak Agung Ngurah Bayu Putra Sp.B, FICS",Sp. Bedah Umum,halodoc,"Setiabudi, Jakarta Selatan",,general-surgeon,2025-06-15 09:58:04
"dr. Arief Guntara, Sp.B., FINACS",Sp. Bedah Umum,RSUD Al Ihsan Provinsi Jawa Barat,"Baleendah, Kabupaten Bandung",,general-surgeon,2025-06-15 09:58:04
"Dr. Aryo Wibisono Sp.B, FINACS, FICS",Sp. Bedah Umum,halodoc,"Setiabudi, Jakarta Selatan",,general-surgeon,2025-06-15 09:58:04
"Dr. Asi Hamonangan Ginting M.Ked.Klin, Sp.B",Sp. Bedah Umum,halodoc,"Setiabudi, Jakarta Selatan",,general-surgeon,2025-06-15 09:58:04
"dr. Augius Pierre Wawolumaja, Sp.B,",Sp. Bedah Umum,RS St. Carolus Salemba,"Senen, Jakarta Pusat",https://d1ojs48v3n42tp.cloudfront.net/personnels/14312_20-6-2023_13-56-28.png,general-surgeon,2025-06-15 09:58:06
IPDA Dr. Bela Ronaldoe Sp.B,Sp. Bedah Umum,halodoc,"Setiabudi, Jakarta Selatan",,general-surgeon,2025-06-15 09:58:06
"dr. Binsar Marshall Maranatha Sirait, Sp.U",Sp. Bedah Umum,halodoc,"Setiabudi, Jakarta Selatan",,general-surgeon,2025-06-15 09:58:06
Dr. Bram Permadi Tanto Sp.B,Sp. Bedah Umum,halodoc,"Setiabudi, Jakarta Selatan",,general-surgeon,2025-06-15 09:58:06
Dr. Celine Martino Sp.B,Sp. Bedah Umum,halodoc,"Setiabudi, Jakarta Selatan",,general-surgeon,2025-06-15 09:58:06
Dr. Cesario Budi Prayitno Sp.B,Sp. Bedah Umum,halodoc,"Setiabudi, Jakarta Selatan",,general-surgeon,2025-06-15 09:58:06
Dr. Christin Regina Suatan Sp.B,Sp. Bedah Umum,halodoc,"Setiabudi, Jakarta Selatan",,general-surgeon,2025-06-15 09:58:06
dr. Cosmas Gora Triaswhoro Sp. B,Sp. Bedah Umum,RS St. Carolus Salemba,"Senen, Jakarta Pusat",,general-surgeon,2025-06-15 09:58:06
DR YIP KOK THYE,Sp. Bedah Umum,0,"Bekasi Selatan, Bekasi",,general-surgeon,2025-06-15 09:58:06
Dato Dr Yip Kok Thye,Sp. Bedah Umum,0,"Bekasi Selatan, Bekasi",,general-surgeon,2025-06-15 09:58:06
Datuk Dr. Shankar Gunarasa,Sp. Bedah Umum,halodoc,"Setiabudi, Jakarta Selatan",,general-surgeon,2025-06-15 09:58:09
"dr. Deddy Kurniawan, Sp.B.,FINACS",Sp. Bedah Umum,RSUD Al Ihsan Provinsi Jawa Barat,"Baleendah, Kabupaten Bandung",,general-surgeon,2025-06-15 09:58:09
"Dr. Dennis Chrissandy Wasito Sp.B, M.Ked.Klin",Sp. Bedah Umum,halodoc,"Setiabudi, Jakarta Selatan",,general-surgeon,2025-06-15 09:58:09
Dr. Dhian Hangesti Sp. B (K),Sp. Bedah Umum,RS Pantai Indah Kapuk,"Penjaringan, Jakarta Utara",,general-surgeon,2025-06-15 09:58:09
Dr. Diadon Misi Mitaart Sp.B,Sp. Bedah Umum,halodoc,"Setiabudi, Jakarta Selatan",,general-surgeon,2025-06-15 09:58:09
Dr. Dicky Panduwinata Sp.B,Sp. Bedah Umum,halodoc,"Setiabudi, Jakarta Selatan",,general-surgeon,2025-06-15 09:58:09
"dr. Dikki Drajat Kusmayadi, Sp.B Sp.BA",Sp. Bedah Umum,halodoc,"Setiabudi, Jakarta Selatan",,general-surgeon,2025-06-15 09:58:09
Dr. Edwin Fernando Sp.B,Sp. Bedah Umum,halodoc,"Setiabudi, Jakarta Selatan",,general-surgeon,2025-06-15 09:58:09
"Dr. Eka Kurniawan P Sp.B, FINACS",Sp. Bedah Umum,halodoc,"Setiabudi, Jakarta Selatan",,general-surgeon,2025-06-15 09:58:09
dr Eleonora Klementina Gunadi Sp. KK,Sp. Bedah Umum,halodoc,"Setiabudi, Jakarta Selatan",,general-surgeon,2025-06-15 09:58:09
dr. Endang Marsiti SpB,Sp. Bedah Umum,halodoc,"Setiabudi, Jakarta Selatan",,general-surgeon,2025-06-15 09:58:12
Dr. Engki Aditya Putra Sp.B,Sp. Bedah Umum,halodoc,"Setiabudi, Jakarta Selatan",,general-surgeon,2025-06-15 09:58:12
dr. Erwin Aritama Ismail Sp. B,Sp. Bedah Umum,RSU PKU Muhammadiyah Kutowinangun,"Kutowinangun, Kabupaten Kebumen",,general-surgeon,2025-06-15 09:58:12
dr. Erwin Aritama Ismail Sp. B,Sp. Bedah Umum,RSU PKU Muhammadiyah Kutowinangun,"Kutowinangun, Kabupaten Kebumen",,general-surgeon,2025-06-15 09:58:12
"dr. Esther Felicita Tambayong, Sp.B",Sp. Bedah Umum,Siloam Hospitals Balikpapan,"Balikpapan Selatan, Kota Balikpapan",https://d1ojs48v3n42tp.cloudfront.net/personnels/857030_1-11-2022_13-20-1.png,general-surgeon,2025-06-15 09:58:12
"dr. Faust Mangali, Sp.B",Sp. Bedah Umum,Siloam Hospitals Balikpapan,"Balikpapan Selatan, Kota Balikpapan",https://d1ojs48v3n42tp.cloudfront.net/personnels/140826_1-11-2022_13-33-19.png,general-surgeon,2025-06-15 09:58:12
"dr. Felix Firyanto Hangandi, Sp.B",Sp. Bedah Umum,RS St. Carolus Salemba,"Senen, Jakarta Pusat",https://d1ojs48v3n42tp.cloudfront.net/personnels/434421_20-6-2023_13-56-43.png,general-surgeon,2025-06-15 09:58:12
Dr. Galih Aktama Sp.B,Sp. Bedah Umum,halodoc,"Setiabudi, Jakarta Selatan",,general-surgeon,2025-06-15 09:58:12
Dr. Gideon Ardhya Trinovianto Sp.B,Sp. Bedah Umum,halodoc,"Setiabudi, Jakarta Selatan",,general-surgeon,2025-06-15 09:58:12
"dr. Glenda Angeline T, Sp.B",Sp. Bedah Umum,halodoc,"Setiabudi, Jakarta Selatan",,general-surgeon,2025-06-15 09:58:12
Dr. Grady Adrian Dwi Kendra Sp.B,Sp. Bedah Umum,halodoc,"Setiabudi, Jakarta Selatan",,general-surgeon,2025-06-15 09:58:14
"Dr. Gst. Ayu Laksmi Dewi Saputri Sp.B., FICS",Sp. Bedah Umum,halodoc,"Setiabudi, Jakarta Selatan",,general-surgeon,2025-06-15 09:58:14
dr. H. Sopyan Hadi Sp.B,Sp. Bedah Umum,halodoc,"Setiabudi, Jakarta Selatan",,general-surgeon,2025-06-15 09:58:14
"dr. H. Sopyan Hadi, Sp.B, FINACS",Sp. Bedah Umum,Halodoc Teleconsultation,"Setiabudi, Jakarta Selatan",,general-surgeon,2025-06-15 09:58:14
Dr. Hamilton Lowis Sp.B,Sp. Bedah Umum,halodoc,"Setiabudi, Jakarta Selatan",,general-surgeon,2025-06-15 09:58:14
"dr. Haris Hayat, Sp.B",Sp. Bedah Umum,Siloam Hospitals Balikpapan,"Balikpapan Selatan, Kota Balikpapan",https://d1ojs48v3n42tp.cloudfront.net/personnels/181216_1-11-2022_17-7-0.png,general-surgeon,2025-06-15 09:58:14
Dr. Harsya Dwindaru Gunardi Sp.B,Sp. Bedah Umum,halodoc,"Setiabudi, Jakarta Selatan",,general-surgeon,2025-06-15 09:58:14
"dr. Helita Juliet, Sp.B",Sp. Bedah Umum,Siloam Hospitals Banjarmasin,"Banjarmasin Tengah, Kota Banjarmasin",https://d1ojs48v3n42tp.cloudfront.net/personnels/117618_22-12-2022_2-51-39.png,general-surgeon,2025-06-15 09:58:14
Dr. Hendry Roy Sp.B,Sp. Bedah Umum,halodoc,"Setiabudi, Jakarta Selatan",,general-surgeon,2025-06-15 09:58:14
"Dr. Heri Gunanti Surbakti M.Ked(Surg), Sp.B",Sp. Bedah Umum,halodoc,"Setiabudi, Jakarta Selatan",,general-surgeon,2025-06-15 09:58:14
Dr. Heru Sutanto Koerniawan Sp.B,Sp. Bedah Umum,halodoc,"Setiabudi, Jakarta Selatan",,general-surgeon,2025-06-15 09:58:17
Dr. I Gede Hendra Wijaya Sp.B,Sp. Bedah Umum,halodoc,"Setiabudi, Jakarta Selatan",,general-surgeon,2025-06-15 09:58:17
"Dr. I Gede Made Dwi Arya Pramaharta Sp.B, FISCP",Sp. Bedah Umum,halodoc,"Setiabudi, Jakarta Selatan",,general-surgeon,2025-06-15 09:58:17
"Dr. I Made Maha Satya Dwi Palguna Sp.B, FINACS, FICS",Sp. Bedah Umum,halodoc,"Setiabudi, Jakarta Selatan",,general-surgeon,2025-06-15 09:58:17
Dr. Ika Ariandana Sp.B,Sp. Bedah Umum,halodoc,"Setiabudi, Jakarta Selatan",,general-surgeon,2025-06-15 09:58:17
dr. Iki Raisyi Sp.B,Sp. Bedah Umum,halodoc,"Setiabudi, Jakarta Selatan",,general-surgeon,2025-06-15 09:58:17
"dr. Imanuel Taba Parinding, Sp.B",Sp. Bedah Umum,Siloam Hospitals Balikpapan,"Balikpapan Selatan, Kota Balikpapan",https://d1ojs48v3n42tp.cloudfront.net/personnels/252282_11-9-2020_12-16-35.png,general-surgeon,2025-06-15 09:58:17
Dr. Impol Hutapea Sp.B,Sp. Bedah Umum,halodoc,"Setiabudi, Jakarta Selatan",,general-surgeon,2025-06-15 09:58:17
Dr. Injilita Nansi Tangkuman Sp.B,Sp. Bedah Umum,halodoc,"Setiabudi, Jakarta Selatan",,general-surgeon,2025-06-15 09:58:17
dr. Iwan Rumbadi,Sp. Bedah Umum,halodoc,"Setiabudi, Jakarta Selatan",,general-surgeon,2025-06-15 09:58:17
Dr. Julcrithno Irawan Sp.B,Sp. Bedah Umum,halodoc,"Setiabudi, Jakarta Selatan",,general-surgeon,2025-06-15 09:58:19
"Dr. Junaidi M.Biomed, Sp.B, FInaCS",Sp. Bedah Umum,halodoc,"Setiabudi, Jakarta Selatan",,general-surgeon,2025-06-15 09:58:19
"dr. Junaidi, Sp.BU",Sp. Bedah Umum,Halodoc Teleconsultation,"Setiabudi, Jakarta Selatan",,general-surgeon,2025-06-15 09:58:19
Dr. Kahfi Rakhmadian Sp.B,Sp. Bedah Umum,halodoc,"Setiabudi, Jakarta Selatan",,general-surgeon,2025-06-15 09:58:19
dr. Kevin Adrian Sp.B,Sp. Bedah Umum,halodoc,"Setiabudi, Jakarta Selatan",,general-surgeon,2025-06-15 09:58:19
Dr. Kiki Lukman Sp.B-Kbd,Sp. Bedah Umum,halodoc,"Setiabudi, Jakarta Selatan",,general-surgeon,2025-06-15 09:58:19
Dr. Kiki Lukman Sp. B,Sp. Bedah Umum,halodoc,"Setiabudi, Jakarta Selatan",,general-surgeon,2025-06-15 09:58:19
Dr. Komet Rama Daud Sp.B,Sp. Bedah Umum,halodoc,"Setiabudi, Jakarta Selatan",,general-surgeon,2025-06-15 09:58:19
Dr. Krisna Payana Sp.B,Sp. Bedah Umum,halodoc,"Setiabudi, Jakarta Selatan",,general-surgeon,2025-06-15 09:58:19
Dr. Leonardo V. Sagay Sp.B,Sp. Bedah Umum,halodoc,"Setiabudi, Jakarta Selatan",,general-surgeon,2025-06-15 09:58:19
"Dr. Lintong Damanik Sp.B, M.Ked.Klin",Sp. Bedah Umum,halodoc,"Setiabudi, Jakarta Selatan",,general-surgeon,2025-06-15 09:58:22
Dr. Lisa Carolline Sp.B,Sp. Bedah Umum,halodoc,"Setiabudi, Jakarta Selatan",,general-surgeon,2025-06-15 09:58:22
dr. Lydia Setya W,Sp. Bedah Umum,dr. Lydia Setya W,"Sumurbandung, Kota Bandung",,general-surgeon,2025-06-15 09:58:22
Dr. M. Reza Azriyantha Sp.B,Sp. Bedah Umum,halodoc,"Setiabudi, Jakarta Selatan",,general-surgeon,2025-06-15 09:58:22
dr. Mahdian Nur Nasution Sp.BS,Sp. Bedah Umum,halodoc,"Setiabudi, Jakarta Selatan",,general-surgeon,2025-06-15 09:58:22
Dr. Mahesa Krishna Sp.B,Sp. Bedah Umum,halodoc,"Setiabudi, Jakarta Selatan",,general-surgeon,2025-06-15 09:58:22
"Dr. Michael Iskandar Zhang Sp.B, AIFO-K, FICS",Sp. Bedah Umum,halodoc,"Setiabudi, Jakarta Selatan",,general-surgeon,2025-06-15 09:58:22
"Dr. Michael Iskandar Zhang Sp.B, AIFO-K, FICS,FINACS",Sp. Bedah Umum,halodoc,"Setiabudi, Jakarta Selatan",,general-surgeon,2025-06-15 09:58:22
dr. Moch Junaedy Sp. B,Sp. Bedah Umum,RSU PKU Muhammadiyah Bantul,"Bantul, Kabupaten Bantul",,general-surgeon,2025-06-15 09:58:22
Dr. Mohammad Zul Hazmi Sp.B,Sp. Bedah Umum,halodoc,"Setiabudi, Jakarta Selatan",,general-surgeon,2025-06-15 09:58:22
"Dr. Muhamad Ikhlas M.Kes, Sp.B",Sp. Bedah Umum,halodoc,"Setiabudi, Jakarta Selatan",,general-surgeon,2025-06-15 09:58:26
dr. Muhammad Fachreza Sp.B,Sp. Bedah Umum,halodoc,"Setiabudi, Jakarta Selatan",,general-surgeon,2025-06-15 09:58:26
Dr. Muhammad Ihsan Sp.B,Sp. Bedah Umum,halodoc,"Setiabudi, Jakarta Selatan",,general-surgeon,2025-06-15 09:58:26
Dr. Muhammad Ikhlas Yakin Iwan Sp.B,Sp. Bedah Umum,halodoc,"Setiabudi, Jakarta Selatan",,general-surgeon,2025-06-15 09:58:26
Dr. Ngurah Rai Sp.B,Sp. Bedah Umum,halodoc,"Setiabudi, Jakarta Selatan",,general-surgeon,2025-06-15 09:58:26
"dr. Odetta Natatilova Halim, Sp.B",Sp. Bedah Umum,RS St. Carolus Salemba,"Senen, Jakarta Pusat",https://d1ojs48v3n42tp.cloudfront.net/personnels/242970_20-6-2023_13-55-49.png,general-surgeon,2025-06-15 09:58:26
Dr. Okto Prasetya Muda Sp.B,Sp. Bedah Umum,halodoc,"Setiabudi, Jakarta Selatan",,general-surgeon,2025-06-15 09:58:26
dr Paran Bagionoto Sp. B,Sp. Bedah Umum,halodoc,"Setiabudi, Jakarta Selatan",,general-surgeon,2025-06-15 09:58:26
dr. Prapanca Nugraha Sp.B,Sp. Bedah Umum,halodoc,"Setiabudi, Jakarta Selatan",,general-surgeon,2025-06-15 09:58:26
dr. Prisca Meilia Rahayu,Sp. Bedah Umum,Klinik Bimo Medika Permai,"Bekasi Utara, Bekasi",,general-surgeon,2025-06-15 09:58:26
"Dr. Prisca Oriana Sutanto M.Biomed, Sp.B",Sp. Bedah Umum,halodoc,"Setiabudi, Jakarta Selatan",,general-surgeon,2025-06-15 09:58:30
"Dr. Putra Imanullah Sp.B, MARS",Sp. Bedah Umum,halodoc,"Setiabudi, Jakarta Selatan",,general-surgeon,2025-06-15 09:58:30
Dr. Putu Agus Sukarna Sp.B-FICS,Sp. Bedah Umum,halodoc,"Setiabudi, Jakarta Selatan",,general-surgeon,2025-06-15 09:58:30
Dr. Rachdithia Ichwiyantho Sp.B,Sp. Bedah Umum,halodoc,"Setiabudi, Jakarta Selatan",,general-surgeon,2025-06-15 09:58:30
"Dr. Reynard Budy S Sp.B, M.KedKlin, FINACS",Sp. Bedah Umum,halodoc,"Setiabudi, Jakarta Selatan",,general-surgeon,2025-06-15 09:58:30
dr Rhea Putri Ulima Sp. B,Sp. Bedah Umum,halodoc,"Setiabudi, Jakarta Selatan",,general-surgeon,2025-06-15 09:58:30
"Dr. Riama Noveria Sianturi Sp.B, FICS, FINACS",Sp. Bedah Umum,halodoc,"Setiabudi, Jakarta Selatan",,general-surgeon,2025-06-15 09:58:30
Dr. Rodeo Siahaan,Sp. Bedah Umum,halodoc,"Setiabudi, Jakarta Selatan",,general-surgeon,2025-06-15 09:58:30
Dr. Shankar A/L Gunasara,Sp. Bedah Umum,halodoc,"Setiabudi, Jakarta Selatan",,general-surgeon,2025-06-15 09:58:30
Dr. Silviana Lely P Sp.B,Sp. Bedah Umum,halodoc,"Setiabudi, Jakarta Selatan",,general-surgeon,2025-06-15 09:58:30
"Dr. Sonny Seputra Sp.B, M.Ked.Klin, FINACS",Sp. Bedah Umum,halodoc,"Setiabudi, Jakarta Selatan",,general-surgeon,2025-06-15 09:58:34
Dr. Srigunda Arisya Fadilla Sp.B,Sp. Bedah Umum,halodoc,"Setiabudi, Jakarta Selatan",,general-surgeon,2025-06-15 09:58:34
Dr. Sunanda Naibaho Sp.B,Sp. Bedah Umum,halodoc,"Setiabudi, Jakarta Selatan",,general-surgeon,2025-06-15 09:58:34
DR. Syaiful Islam Sp. B,Sp. Bedah Umum,halodoc,"Setiabudi, Jakarta Selatan",,general-surgeon,2025-06-15 09:58:34
Dr. Tito Ade Putra Sp.B,Sp. Bedah Umum,halodoc,"Setiabudi, Jakarta Selatan",,general-surgeon,2025-06-15 09:58:34
"Dr. Tjendono Harianto MSi.Med, Sp.B",Sp. Bedah Umum,halodoc,"Setiabudi, Jakarta Selatan",,general-surgeon,2025-06-15 09:58:34
"Dr. Tryanto Amrisal Mohammad Sp.B, FCSI",Sp. Bedah Umum,halodoc,"Setiabudi, Jakarta Selatan",,general-surgeon,2025-06-15 09:58:34
dr. Tugam Umar Sp.B,Sp. Bedah Umum,halodoc,"Setiabudi, Jakarta Selatan",,general-surgeon,2025-06-15 09:58:34
dr Wasisto Dwi Yudisaputro Sp. B (K) Onk,Sp. Bedah Umum,halodoc,"Setiabudi, Jakarta Selatan",,general-surgeon,2025-06-15 09:58:34
Dato Dr. Yip Cheng Har,Sp. Bedah Umum,Hospital Picaso,"Setiabudi, Jakarta Selatan",,general-surgeon,2025-06-15 09:58:34
Dato' Dr. Yip Kok Thye,Sp. Bedah Umum,halodoc,"Setiabudi, Jakarta Selatan",,general-surgeon,2025-06-15 09:58:37
Dr. Zuldi Erdiansyah Sp.B,Sp. Bedah Umum,halodoc,"Setiabudi, Jakarta Selatan",,general-surgeon,2025-06-15 09:58:37
dr Alban dien SPB,Sp. Bedah Umum,halodoc,"Setiabudi, Jakarta Selatan",,general-surgeon,2025-06-15 09:58:37
dr Meilian Anita Sp.BA,Sp. Bedah Umum,dr. Yonna,"Tanah Abang, Jakarta Pusat",,general-surgeon,2025-06-15 09:58:37
"dr. Aditya Bhayusakti, Sp.B",Sp. Bedah Umum,halodoc,"Setiabudi, Jakarta Selatan",,general-surgeon,2025-06-15 09:58:37
"dr. Adrian Azhar, SpB",Sp. Bedah Umum,halodoc,"Setiabudi, Jakarta Selatan",,general-surgeon,2025-06-15 09:58:37
"dr. Andry Irawan, M.Si.Med, Sp. B, Subsp.BD(K)",Sp. Bedah Umum,Halodoc Teleconsultation,"Setiabudi, Jakarta Selatan",,general-surgeon,2025-06-15 09:58:37
"dr. Berlian Sutedja, Sp.B",Sp. Bedah Umum,halodoc,"Setiabudi, Jakarta Selatan",,general-surgeon,2025-06-15 09:58:37
"dr. Efthata Surya D. Pohan, Sp.B",Sp. Bedah Umum,halodoc,"Setiabudi, Jakarta Selatan",,general-surgeon,2025-06-15 09:58:37
"dr. Firmansyah Putra, M.Ked(surg), Sp.B",Sp. Bedah Umum,halodoc,"Setiabudi, Jakarta Selatan",,general-surgeon,2025-06-15 09:58:37
"dr. Hastika Saraswati, Sp.BP",Sp. Bedah Umum,halodoc,"Setiabudi, Jakarta Selatan",,general-surgeon,2025-06-15 09:58:40
dr. Hendry Susanto Sp.B,Sp. Bedah Umum,halodoc,"Setiabudi, Jakarta Selatan",,general-surgeon,2025-06-15 09:58:40
"dr. Irawan Sukarno, Sp. B, FICS",Sp. Bedah Umum,halodoc,"Setiabudi, Jakarta Selatan",,general-surgeon,2025-06-15 09:58:40
dr. Jessica Herlambang,Sp. Bedah Umum,halodoc,"Setiabudi, Jakarta Selatan",,general-surgeon,2025-06-15 09:58:40
"dr. Kezia, Sp.B",Sp. Bedah Umum,halodoc,"Setiabudi, Jakarta Selatan",,general-surgeon,2025-06-15 09:58:40
"dr. Vika Tania, Sp.BP",Sp. Bedah Umum,halodoc,"Setiabudi, Jakarta Selatan",,general-surgeon,2025-06-15 09:58:40
"dr. Yeremia Gerald K., Sp.B, FINACS, FICS",Sp. Bedah Umum,halodoc,"Setiabudi, Jakarta Selatan",,general-surgeon,2025-06-15 09:58:40
"dr.Ahmad Iffa Maududy, Sp.B., FINACS",Sp. Bedah Umum,halodoc,"Setiabudi, Jakarta Selatan",,general-surgeon,2025-06-15 09:58:40
