name,speciality,hospital,city,img,slug,timestamp
dr. Adrian W. Tarigan Sp.OT,Sp. Orthopaedi & Traumatologi,RS Jakarta,"Setiabudi, Jakarta Selatan",,orthopedic-trauma-surgeon,2025-06-15 10:09:13
"dr. Adrianto Prasetya Perbowo, Sp.OT",Sp. Orthopaedi & Traumatologi,RS Mitra Keluarga Pondok Tjandra,"Waru, Kabupaten Sidoarjo",https://d1ojs48v3n42tp.cloudfront.net/personnels/372014_14-12-2022_14-34-23.png,orthopedic-trauma-surgeon,2025-06-15 10:09:13
"dr. Albertus Djarot Noersasongko, Sp.OT",Sp. Orthopaedi & Traumatologi,Siloam Hospitals Manado,"Wenang, Kota Manado",https://d1ojs48v3n42tp.cloudfront.net/personnels/349832_14-12-2022_15-27-7.png,orthopedic-trauma-surgeon,2025-06-15 10:09:13
"dr. Alvin Danio Harta Da Costa, Sp.OT (K) Sport",Sp. Orthopaedi & Traumatologi,RS Immanuel,"Bojongloa Kidul, Kota Bandung",https://d1ojs48v3n42tp.cloudfront.net/personnels/142231_8-12-2022_16-28-41.jpeg,orthopedic-trauma-surgeon,2025-06-15 10:09:13
"dr. Andi Bahauddin Fahmi, Sp.OT","Sp. Orthopaedi & Traumatologi, Dokter Bedah",RS Mitra Keluarga Waru,"Waru, Kabupaten Sidoarjo",https://d1ojs48v3n42tp.cloudfront.net/personnels/659037_14-12-2022_16-0-52.jpeg,orthopedic-trauma-surgeon,2025-06-15 10:09:13
"Dr. dr. Andjar Bhawono , Sp.OT",Sp. Orthopaedi & Traumatologi,RS Mitra Keluarga Cibubur,"Jatisampurna, Bekasi",https://d1ojs48v3n42tp.cloudfront.net/personnels/232156_25-4-2025_14-38-55.png,orthopedic-trauma-surgeon,2025-06-15 10:09:13
"dr. Andre Chandra Parluhutan Sihombing, Sp.OT","Sp. Orthopaedi & Traumatologi, Dokter Bedah",RS Mitra Keluarga Bekasi Timur,"Bekasi Timur, Bekasi",https://d1ojs48v3n42tp.cloudfront.net/personnels/174406_11-4-2022_11-42-24.png,orthopedic-trauma-surgeon,2025-06-15 10:09:13
"dr. Andre Triadi Desnantyo, Sp.OT (K)",Sp. Orthopaedi & Traumatologi,RS Mitra Keluarga Kenjeran,"Mulyorejo, Kota Surabaya",https://d1ojs48v3n42tp.cloudfront.net/personnels/309452_14-12-2022_13-50-32.png,orthopedic-trauma-surgeon,2025-06-15 10:09:13
"dr. Andre Triadi Desnantyo, Sp.OT(K)",Sp. Orthopaedi & Traumatologi,Mayapada Hospital Surabaya,"Sawahan, Kota Surabaya",,orthopedic-trauma-surgeon,2025-06-15 10:09:13
"dr. Andriandi, Sp.OT","Sp. Orthopaedi & Traumatologi, Dokter Bedah",Siloam Hospitals Dhirga Surya Medan,"Medan Petisah, Kota Medan",https://d1ojs48v3n42tp.cloudfront.net/personnels/82192_23-5-2022_11-50-46.jpeg,orthopedic-trauma-surgeon,2025-06-15 10:09:13
dr. Anita Kurnianti Sp.OT,Sp. Orthopaedi & Traumatologi,RS Mitra Keluarga Kalideres,"Kalideres, Jakarta Barat",,orthopedic-trauma-surgeon,2025-06-15 10:09:16
"dr. Anita Kurniawan , Sp.OT",Sp. Orthopaedi & Traumatologi,RS Mitra Keluarga Kalideres,"Kalideres, Jakarta Barat",https://d1ojs48v3n42tp.cloudfront.net/personnels/149493_13-10-2021_17-20-19.png,orthopedic-trauma-surgeon,2025-06-15 10:09:16
"dr. Ardi Setiawan, Sp.OT","Sp. Orthopaedi & Traumatologi, Dokter Bedah",Siloam Hospitals TB Simatupang,"Cilandak, Jakarta Selatan",https://d1ojs48v3n42tp.cloudfront.net/personnels/783076_28-12-2022_13-40-38.png,orthopedic-trauma-surgeon,2025-06-15 10:09:16
"dr. Arnold Darmawan Thioritz, Sp.OT","Sp. Orthopaedi & Traumatologi, Dokter Bedah",RS Mitra Keluarga Gading Serpong,"Pagedangan, Kabupaten Tangerang",https://d1ojs48v3n42tp.cloudfront.net/personnels/43766_11-4-2022_10-55-38.jpeg,orthopedic-trauma-surgeon,2025-06-15 10:09:16
"dr. Aryo Nugroho Triyudanto, Sp.OT","Sp. Orthopaedi & Traumatologi, Dokter Bedah",RS Mitra Keluarga Kalideres,"Kalideres, Jakarta Barat",https://d1ojs48v3n42tp.cloudfront.net/personnels/180056_14-12-2022_14-33-34.png,orthopedic-trauma-surgeon,2025-06-15 10:09:16
dr. Auliya Akbar Sp.OT sub.sp,Sp. Orthopaedi & Traumatologi,RS Ananda Bekasi,"Medan Satria, Bekasi",,orthopedic-trauma-surgeon,2025-06-15 10:09:16
"dr. Bambang Nugroho, Sp.OT (K)","Sp. Orthopaedi & Traumatologi, Dokter Bedah",Mayapada Hospital Jakarta Selatan,"Cilandak, Jakarta Selatan",https://d1ojs48v3n42tp.cloudfront.net/personnels/347381_23-6-2022_16-6-1.jpeg,orthopedic-trauma-surgeon,2025-06-15 10:09:16
"Dr. Bayu Antara Hadi, M.Ked, Klin SpOT",Sp. Orthopaedi & Traumatologi,Mandaya Hospital Karawang,"Telukjambe Timur, Kabupaten Karawang",,orthopedic-trauma-surgeon,2025-06-15 10:09:16
"dr. Benny, Sp.OT",Sp. Orthopaedi & Traumatologi,Siloam Hospitals Dhirga Surya Medan,"Medan Petisah, Kota Medan",https://d1ojs48v3n42tp.cloudfront.net/personnels/655453_29-3-2023_21-4-21.jpeg,orthopedic-trauma-surgeon,2025-06-15 10:09:16
"dr. Benyamin Parsaoran Simatupang, Sp.OT",Sp. Orthopaedi & Traumatologi,RS Immanuel,"Bojongloa Kidul, Kota Bandung",https://d1ojs48v3n42tp.cloudfront.net/personnels/183386_21-5-2021_12-5-1.jpeg,orthopedic-trauma-surgeon,2025-06-15 10:09:16
"dr. Carles Siagian, Sp.OT (K)","Sp. Orthopaedi & Traumatologi, Dokter Bedah",Siloam Hospitals Kebon Jeruk,"Kebon Jeruk, Jakarta Barat",https://d1ojs48v3n42tp.cloudfront.net/personnels/310542_18-4-2022_11-3-20.png,orthopedic-trauma-surgeon,2025-06-15 10:09:19
"dr. Cokorda Gde Oka Darmayuda, Sp.OT",Sp. Orthopaedi & Traumatologi,BIMC Hospitals Kuta,"Kuta, Kabupaten Badung",https://d1ojs48v3n42tp.cloudfront.net/personnels/861776_31-10-2022_10-48-31.jpeg,orthopedic-trauma-surgeon,2025-06-15 10:09:19
DR. DEDED YUDHA PRANATHA SP OT,Sp. Orthopaedi & Traumatologi,RS Awal Bros Batam,"Lubuk Baja, Kota Batam",,orthopedic-trauma-surgeon,2025-06-15 10:09:19
"DR. dr.Edi Mustamsir, Sp.OT (K)",Sp. Orthopaedi & Traumatologi,Persada Hospital,"Blimbing, Kota Malang",,orthopedic-trauma-surgeon,2025-06-15 10:09:19
"dr. Daly Hanafiah, Sp.OT(K)",Sp. Orthopaedi & Traumatologi,RS Khusus Bedah Halmahera Siaga,"Bandung Wetan, Kota Bandung",,orthopedic-trauma-surgeon,2025-06-15 10:09:19
"dr. Damiarta, Sp.OT","Sp. Orthopaedi & Traumatologi, Dokter Bedah",Mayapada Hospital Kuningan,"Setiabudi, Jakarta Selatan",https://d1ojs48v3n42tp.cloudfront.net/personnels/442434_24-6-2022_16-49-31.jpeg,orthopedic-trauma-surgeon,2025-06-15 10:09:19
"dr. Danang Diandaru, Sp.OT","Sp. Orthopaedi & Traumatologi, Dokter Bedah",RS Mitra Keluarga Waru,"Waru, Kabupaten Sidoarjo",https://d1ojs48v3n42tp.cloudfront.net/personnels/616051_14-12-2022_14-26-51.jpeg,orthopedic-trauma-surgeon,2025-06-15 10:09:19
"dr. Daniel Petrus Marpaung, Sp.OT (K)","Sp. Orthopaedi & Traumatologi, Dokter Bedah",Siloam Hospitals Kebon Jeruk,"Kebon Jeruk, Jakarta Barat",https://d1ojs48v3n42tp.cloudfront.net/personnels/769097_18-4-2022_11-3-29.png,orthopedic-trauma-surgeon,2025-06-15 10:09:19
"dr. Demy Faheem Dasril, Sp.OT",Sp. Orthopaedi & Traumatologi,Mayapada Hospital Kuningan,"Setiabudi, Jakarta Selatan",https://d1ojs48v3n42tp.cloudfront.net/personnels/796688_4-4-2023_23-11-12.jpeg,orthopedic-trauma-surgeon,2025-06-15 10:09:19
"dr. Deri Mulyadi, Sp.OT., M.Kes","Sp. Orthopaedi & Traumatologi, Dokter Bedah",Siloam Hospitals Jambi,"Jambi Selatan, Kota Jambi",https://d1ojs48v3n42tp.cloudfront.net/personnels/352809_14-6-2022_17-31-13.jpeg,orthopedic-trauma-surgeon,2025-06-15 10:09:19
"dr. Dimas Radithya Boedijono, Sp.OT (K)","Sp. Orthopaedi & Traumatologi, Dokter Bedah",Mayapada Hospital Jakarta Selatan,"Cilandak, Jakarta Selatan",https://d1ojs48v3n42tp.cloudfront.net/personnels/767018_24-6-2022_10-33-44.png,orthopedic-trauma-surgeon,2025-06-15 10:09:21
"dr. Djuniper Hasudungan Sagala, Sp.OT (K)","Sp. Orthopaedi & Traumatologi, Dokter Bedah",Siloam Hospitals Palangka Raya,"Pahandut, Kota Palangka Raya",https://d1ojs48v3n42tp.cloudfront.net/personnels/829277_30-6-2022_18-11-38.jpeg,orthopedic-trauma-surgeon,2025-06-15 10:09:21
"dr. Donny Bastian, Sp.OT","Sp. Orthopaedi & Traumatologi, Dokter Bedah",Siloam Hospitals Palangka Raya,"Pahandut, Kota Palangka Raya",https://d1ojs48v3n42tp.cloudfront.net/personnels/40515_30-6-2022_18-11-14.jpeg,orthopedic-trauma-surgeon,2025-06-15 10:09:21
Dr Chee Chia Shing,Sp. Orthopaedi & Traumatologi,Sunway Medical Centre,"Mampang Prapatan, Jakarta Selatan",,orthopedic-trauma-surgeon,2025-06-15 10:09:21
"Dr L. Andre Pontoh, Dr. dr. Sp. OT. (K)",Sp. Orthopaedi & Traumatologi,RS Pondok Indah - Pondok Indah,"Kebayoran Lama, Jakarta Selatan",,orthopedic-trauma-surgeon,2025-06-15 10:09:21
Dr Lee Keat Hwa,Sp. Orthopaedi & Traumatologi,Island Hospital Penang,"Mampang Prapatan, Jakarta Selatan",,orthopedic-trauma-surgeon,2025-06-15 10:09:21
Dr Ng Khai oon,Sp. Orthopaedi & Traumatologi,Island Hospital Penang,"Mampang Prapatan, Jakarta Selatan",,orthopedic-trauma-surgeon,2025-06-15 10:09:21
Dr. Sherly Sp.OT,Sp. Orthopaedi & Traumatologi,Bogor Senior Hospital,"Bogor Selatan, Bogor",,orthopedic-trauma-surgeon,2025-06-15 10:09:21
"dr. Dwi Purnomo Setyo Budi, Sp.OT (K)",Sp. Orthopaedi & Traumatologi,Siloam Hospitals ASRI,"Pancoran, Jakarta Selatan",https://d1ojs48v3n42tp.cloudfront.net/personnels/797049_23-6-2022_15-18-1.jpeg,orthopedic-trauma-surgeon,2025-06-15 10:09:21
"dr. Edwin William Thioritz, Sp.OT","Sp. Orthopaedi & Traumatologi, Dokter Bedah",RS Mitra Keluarga Gading Serpong,"Pagedangan, Kabupaten Tangerang",https://d1ojs48v3n42tp.cloudfront.net/personnels/467583_18-8-2022_6-26-28.png,orthopedic-trauma-surgeon,2025-06-15 10:09:21
"dr. Erick Wonggokusuma, Sp.OT (K)",Sp. Orthopaedi & Traumatologi,Siloam Hospitals Kebon Jeruk,"Kebon Jeruk, Jakarta Barat",https://d1ojs48v3n42tp.cloudfront.net/personnels/765707_18-4-2022_11-4-29.png,orthopedic-trauma-surgeon,2025-06-15 10:09:24
"dr. Erwin Ramawan, Sp.OT (K) Hand., FCIS","Sp. Orthopaedi & Traumatologi, Dokter Bedah",RS Mitra Keluarga Surabaya,"Sukomanunggal, Kota Surabaya",https://d1ojs48v3n42tp.cloudfront.net/personnels/729050_14-12-2022_14-45-9.png,orthopedic-trauma-surgeon,2025-06-15 10:09:24
"dr. Ery Satriawan, SpOT",Sp. Orthopaedi & Traumatologi,RS Panti Nirmala,"Kedungkandang, Kota Malang",,orthopedic-trauma-surgeon,2025-06-15 10:09:24
"dr. Fachrisal Ipang, Sp.OT (K) Spine","Sp. Orthopaedi & Traumatologi, Dokter Bedah",RS Mitra Keluarga Kemayoran,"Kemayoran, Jakarta Pusat",https://d1ojs48v3n42tp.cloudfront.net/personnels/421734_22-3-2022_21-1-13.jpeg,orthopedic-trauma-surgeon,2025-06-15 10:09:24
"dr. Fadli Yogi Arif, M.Ked (Surg), Sp.OT",Sp. Orthopaedi & Traumatologi,RS Mitra Keluarga Tegal,"Tegal Barat, Kota Tegal",https://d1ojs48v3n42tp.cloudfront.net/personnels/148805_24-5-2023_9-45-0.png,orthopedic-trauma-surgeon,2025-06-15 10:09:24
"dr. Fathurrahman, Sp.OT","Sp. Orthopaedi & Traumatologi, Dokter Bedah",Siloam Hospitals Purwakarta,"Bungursari, Kabupaten Purwakarta",https://d1ojs48v3n42tp.cloudfront.net/personnels/755677_11-7-2022_16-43-49.png,orthopedic-trauma-surgeon,2025-06-15 10:09:24
"dr. Febrian Brahmana, Sp.OT","Sp. Orthopaedi & Traumatologi, Dokter Bedah",RS Mitra Keluarga Pondok Tjandra,"Waru, Kabupaten Sidoarjo",https://d1ojs48v3n42tp.cloudfront.net/personnels/644045_4-1-2023_14-37-19.png,orthopedic-trauma-surgeon,2025-06-15 10:09:24
"dr. Fidelis Heru Wicaksono, Sp.OT",Sp. Orthopaedi & Traumatologi,Siloam Hospitals Bogor,"Bogor Tengah, Bogor",https://d1ojs48v3n42tp.cloudfront.net/personnels/707104_30-6-2022_17-5-14.jpeg,orthopedic-trauma-surgeon,2025-06-15 10:09:24
"Dr. dr. Franky Hartono, Sp. OT(K)",Sp. Orthopaedi & Traumatologi,Siloam Hospitals Kebon Jeruk,"Kebon Jeruk, Jakarta Barat",https://d1ojs48v3n42tp.cloudfront.net/personnels/61825_18-4-2022_11-3-40.png,orthopedic-trauma-surgeon,2025-06-15 10:09:24
"dr. Gerald Wonggokusuma, Sp.OT",Sp. Orthopaedi & Traumatologi,Siloam Hospitals Mampang,"Pancoran, Jakarta Selatan",,orthopedic-trauma-surgeon,2025-06-15 10:09:24
"dr. Gestana Retaha Wardana, Sp.OT","Sp. Orthopaedi & Traumatologi, Dokter Bedah",RS Mitra Keluarga Gading Serpong,"Pagedangan, Kabupaten Tangerang",https://d1ojs48v3n42tp.cloudfront.net/personnels/209986_11-4-2022_11-3-1.jpeg,orthopedic-trauma-surgeon,2025-06-15 10:09:27
dr Happy Chandra Waskita Sp. OT,Sp. Orthopaedi & Traumatologi,Mandaya Hospital Karawang,"Telukjambe Timur, Kabupaten Karawang",,orthopedic-trauma-surgeon,2025-06-15 10:09:27
"dr. Harjanto Effendi, Sp.OT","Sp. Orthopaedi & Traumatologi, Dokter Bedah",RS Mitra Keluarga Cibubur,"Jatisampurna, Bekasi",https://d1ojs48v3n42tp.cloudfront.net/personnels/159199_4-4-2022_14-7-2.jpeg,orthopedic-trauma-surgeon,2025-06-15 10:09:27
"dr. Haryanto Karmansyah Sunaryo, Sp.OT",Sp. Orthopaedi & Traumatologi,Siloam Hospitals Manado,"Wenang, Kota Manado",https://d1ojs48v3n42tp.cloudfront.net/personnels/127422_16-7-2020_13-6-26.png,orthopedic-trauma-surgeon,2025-06-15 10:09:27
dr. Hendra Andry Wijaya SpOT,Sp. Orthopaedi & Traumatologi,Siloam Hospitals Lippo Cikarang,"Cikarang Selatan, Kabupaten Bekasi",,orthopedic-trauma-surgeon,2025-06-15 10:09:27
"dr. Hendra Andry Wijaya, Sp.OT",Sp. Orthopaedi & Traumatologi,Siloam Hospitals Lippo Cikarang,"Cikarang Selatan, Kabupaten Bekasi",https://d1ojs48v3n42tp.cloudfront.net/personnels/616654_23-6-2022_15-25-3.jpeg,orthopedic-trauma-surgeon,2025-06-15 10:09:27
"dr. Hendra Hermanto, Sp.OT., M.Kes","Sp. Orthopaedi & Traumatologi, Dokter Bedah",Siloam Hospitals Bangka,"Pangkalan Baru,  Kabupaten Bangka Tengah",https://d1ojs48v3n42tp.cloudfront.net/personnels/820910_30-6-2022_14-56-44.jpeg,orthopedic-trauma-surgeon,2025-06-15 10:09:27
"dr. Hendra, Sp.OT",Sp. Orthopaedi & Traumatologi,Siloam Hospitals Kebon Jeruk,"Kebon Jeruk, Jakarta Barat",https://d1ojs48v3n42tp.cloudfront.net/personnels/392390_28-6-2023_16-56-35.jpeg,orthopedic-trauma-surgeon,2025-06-15 10:09:27
"dr. Henrico Marindian, Sp.OT",Sp. Orthopaedi & Traumatologi,RS Mitra Keluarga Kalideres,"Kalideres, Jakarta Barat",https://d1ojs48v3n42tp.cloudfront.net/personnels/702772_3-4-2023_10-57-45.png,orthopedic-trauma-surgeon,2025-06-15 10:09:27
"dr. Henry Pebruanto, Sp.OT",Sp. Orthopaedi & Traumatologi,Siloam Hospitals Mataram,"Mataram, Kota Mataram",https://d1ojs48v3n42tp.cloudfront.net/personnels/41538_24-3-2023_13-36-2.jpeg,orthopedic-trauma-surgeon,2025-06-15 10:09:27
"dr. Henry Suhendra, Sp.OT (K)",Sp. Orthopaedi & Traumatologi,Siloam Hospitals Kebon Jeruk,"Kebon Jeruk, Jakarta Barat",https://d1ojs48v3n42tp.cloudfront.net/personnels/139136_18-4-2022_11-4-8.png,orthopedic-trauma-surgeon,2025-06-15 10:09:29
"dr. Hilmi Muhammad, Sp.OT",Sp. Orthopaedi & Traumatologi,Siloam Hospitals Yogyakarta,"Gondokusuman, Kota Yogyakarta",https://d1ojs48v3n42tp.cloudfront.net/personnels/282603_29-11-2022_14-34-48.png,orthopedic-trauma-surgeon,2025-06-15 10:09:29
"dr. Husnul Fuad Albar, Sp.OT",Sp. Orthopaedi & Traumatologi,Siloam Hospitals Dhirga Surya Medan,"Medan Petisah, Kota Medan",https://d1ojs48v3n42tp.cloudfront.net/personnels/875234_29-3-2023_21-5-52.jpeg,orthopedic-trauma-surgeon,2025-06-15 10:09:29
"dr. I G.B.I. Angganugraha P.J., Sp.OT",Sp. Orthopaedi & Traumatologi,Siloam Hospitals Jember,"Kaliwates, Kabupaten Jember",https://d1ojs48v3n42tp.cloudfront.net/personnels/800884_28-3-2023_20-11-54.jpeg,orthopedic-trauma-surgeon,2025-06-15 10:09:29
"dr. I Gusti Made Febry Siswanto, Sp.OT",Sp. Orthopaedi & Traumatologi,RS Mitra Keluarga Cibubur,"Jatisampurna, Bekasi",https://d1ojs48v3n42tp.cloudfront.net/personnels/22652_4-4-2022_14-7-34.jpeg,orthopedic-trauma-surgeon,2025-06-15 10:09:29
"dr. I Gusti Ngurah Wien Aryana, Sp.OT (K)",Sp. Orthopaedi & Traumatologi,BIMC Hospitals Kuta,"Kuta, Kabupaten Badung",https://d1ojs48v3n42tp.cloudfront.net/personnels/820338_31-10-2022_11-2-30.jpeg,orthopedic-trauma-surgeon,2025-06-15 10:09:29
"dr. I Komang Agus Krisna Saputra, Sp.OT","Sp. Orthopaedi & Traumatologi, Dokter Bedah",BIMC Hospitals Nusa Dua,"Kuta Selatan, Kabupaten Badung",https://d1ojs48v3n42tp.cloudfront.net/personnels/641329_31-10-2022_11-43-5.jpeg,orthopedic-trauma-surgeon,2025-06-15 10:09:29
"dr. I Made Artana, M.Biomed, Sp.OT (K)","Sp. Orthopaedi & Traumatologi, Dokter Bedah",Siloam Hospitals Mataram,"Mataram, Kota Mataram",https://d1ojs48v3n42tp.cloudfront.net/personnels/497637_24-3-2023_13-39-26.jpeg,orthopedic-trauma-surgeon,2025-06-15 10:09:29
"dr. I Wayan Murjana, Sp.OT","Sp. Orthopaedi & Traumatologi, Dokter Bedah",BIMC Hospitals Nusa Dua,"Kuta Selatan, Kabupaten Badung",https://d1ojs48v3n42tp.cloudfront.net/personnels/893929_31-10-2022_11-48-52.jpeg,orthopedic-trauma-surgeon,2025-06-15 10:09:29
"dr. IGBA Juniantara, SpOT.,MARS","Sp. Orthopaedi & Traumatologi, Dokter Bedah",Mayapada Hospital Bogor,"Bogor Timur, Bogor",https://d1ojs48v3n42tp.cloudfront.net/personnels/435321_24-6-2022_10-40-0.png,orthopedic-trauma-surgeon,2025-06-15 10:09:29
"dr. Ida Ayu Ratna Dewi Arrisna Artha, Sp.OT (K)",Sp. Orthopaedi & Traumatologi,Siloam Hospitals Denpasar,"Kuta, Kabupaten Badung",https://d1ojs48v3n42tp.cloudfront.net/personnels/167258_1-11-2022_16-52-44.jpeg,orthopedic-trauma-surgeon,2025-06-15 10:09:32
"dr. Ihsan Oesman, Sp.OT (K) Foot & Ankle",Sp. Orthopaedi & Traumatologi,MRCCC Siloam Hospitals Semanggi,"Setiabudi, Jakarta Selatan",https://d1ojs48v3n42tp.cloudfront.net/personnels/746664_20-8-2024_11-51-17.jpeg,orthopedic-trauma-surgeon,2025-06-15 10:09:32
"dr. Immanuel Panca Sitorus, SpOT (K) Hip & Knee",Sp. Orthopaedi & Traumatologi,RS Mitra Keluarga Depok,"Pancoran Mas, Depok",https://d1ojs48v3n42tp.cloudfront.net/personnels/875435_7-3-2025_15-18-59.png,orthopedic-trauma-surgeon,2025-06-15 10:09:32
"dr. Irwan Yusuf, Sp.OT",Sp. Orthopaedi & Traumatologi,Siloam Hospitals Bekasi Sepanjang Jaya,"Rawalumbu, Bekasi",https://d1ojs48v3n42tp.cloudfront.net/personnels/887022_1-11-2022_12-20-24.jpeg,orthopedic-trauma-surgeon,2025-06-15 10:09:32
dr. Januar Chrisant Fladimir Sp.OT,Sp. Orthopaedi & Traumatologi,RS Melati Tangerang,"Karawaci, Tangerang",,orthopedic-trauma-surgeon,2025-06-15 10:09:32
"Dr. dr. John Christian Parsaoran Butar Butar, Sp.OT (K)",Sp. Orthopaedi & Traumatologi,Siloam Hospitals Lippo Village,"Kelapa Dua, Kabupaten Tangerang",https://d1ojs48v3n42tp.cloudfront.net/personnels/743858_24-3-2022_16-20-7.png,orthopedic-trauma-surgeon,2025-06-15 10:09:32
"dr. Juliando, Sp.OT",Sp. Orthopaedi & Traumatologi,RS Mitra Keluarga Grand Wisata,"Tambun Selatan, Kabupaten Bekasi",https://d1ojs48v3n42tp.cloudfront.net/personnels/455294_11-1-2023_15-23-13.png,orthopedic-trauma-surgeon,2025-06-15 10:09:32
"dr. Karina Evyline Margaret Besinga, Sp.OT (K)",Sp. Orthopaedi & Traumatologi,Siloam Hospitals Kebon Jeruk,"Kebon Jeruk, Jakarta Barat",https://d1ojs48v3n42tp.cloudfront.net/personnels/69897_18-4-2022_11-3-57.png,orthopedic-trauma-surgeon,2025-06-15 10:09:32
"dr. Karuniawan Purwantono, Sp.OT","Sp. Orthopaedi & Traumatologi, Dokter Bedah",RS Mitra Keluarga Kelapa Gading,"Kelapa Gading, Jakarta Utara",https://d1ojs48v3n42tp.cloudfront.net/personnels/271413_11-4-2022_11-52-38.png,orthopedic-trauma-surgeon,2025-06-15 10:09:32
"dr. Kerwin Halim, Sp.OT",Sp. Orthopaedi & Traumatologi,Siloam Hospitals Kelapa Dua,"Kelapa Dua, Kabupaten Tangerang",https://d1ojs48v3n42tp.cloudfront.net/personnels/632408_8-12-2022_15-55-52.png,orthopedic-trauma-surgeon,2025-06-15 10:09:32
"dr. Kurniadi Husodo, Sp.OT",Sp. Orthopaedi & Traumatologi,Ciputra Hospital Citra Garden City Jakarta Barat,"Kalideres, Jakarta Barat",,orthopedic-trauma-surgeon,2025-06-15 10:09:34
"dr. Langga Sintong, Sp.OT (K)",Sp. Orthopaedi & Traumatologi,Siloam Hospitals Kebon Jeruk,"Kebon Jeruk, Jakarta Barat",https://d1ojs48v3n42tp.cloudfront.net/personnels/631136_18-4-2022_11-4-18.png,orthopedic-trauma-surgeon,2025-06-15 10:09:34
"dr. Lia Marliana, Sp.OT","Sp. Orthopaedi & Traumatologi, Dokter Bedah",RS Mitra Keluarga Cibubur,"Jatisampurna, Bekasi",https://d1ojs48v3n42tp.cloudfront.net/personnels/419727_4-4-2022_14-8-58.jpeg,orthopedic-trauma-surgeon,2025-06-15 10:09:34
dr. M. Sadabaskara Sp OT,Sp. Orthopaedi & Traumatologi,MRCCC Siloam Hospitals Semanggi,"Setiabudi, Jakarta Selatan",,orthopedic-trauma-surgeon,2025-06-15 10:09:34
"dr. Made Bramantya Karna, Sp.OT",Sp. Orthopaedi & Traumatologi,BIMC Hospitals Kuta,"Kuta, Kabupaten Badung",https://d1ojs48v3n42tp.cloudfront.net/personnels/449790_31-10-2022_11-16-56.jpeg,orthopedic-trauma-surgeon,2025-06-15 10:09:34
"dr. Made Wirabhawa, M.Biomed, Sp.OT",Sp. Orthopaedi & Traumatologi,Mayapada Hospital Bogor,"Bogor Timur, Bogor",https://d1ojs48v3n42tp.cloudfront.net/personnels/541438_13-6-2022_14-40-8.jpeg,orthopedic-trauma-surgeon,2025-06-15 10:09:34
"dr. Margaretta Silvia Yolanda, Sp.OT",Sp. Orthopaedi & Traumatologi,RS Mitra Keluarga Bintaro,"Pondok Aren, Tangerang Selatan",https://d1ojs48v3n42tp.cloudfront.net/personnels/687984_4-4-2022_14-40-0.png,orthopedic-trauma-surgeon,2025-06-15 10:09:34
"dr. Maruli Oloan Tua, Sp.OT",Sp. Orthopaedi & Traumatologi,RS Mitra Keluarga Delta Mas,"Cikarang Pusat, Kabupaten Bekasi",https://d1ojs48v3n42tp.cloudfront.net/personnels/301611_21-2-2023_18-50-34.jpeg,orthopedic-trauma-surgeon,2025-06-15 10:09:34
"Dr. Maruli Oloan Tua, M.Kes Sp.OT",Sp. Orthopaedi & Traumatologi,RS Permata Keluarga Karawang,"Telukjambe Timur, Kabupaten Karawang",,orthopedic-trauma-surgeon,2025-06-15 10:09:34
"dr. Marvin Pilli, Sp.OT",Sp. Orthopaedi & Traumatologi,Mayapada Hospital Kuningan,"Setiabudi, Jakarta Selatan",https://d1ojs48v3n42tp.cloudfront.net/personnels/81624_13-12-2022_15-46-40.png,orthopedic-trauma-surgeon,2025-06-15 10:09:34
dr. Mirna Phandu Sp.OT,Sp. Orthopaedi & Traumatologi,Siloam Hospitals Lippo Village,"Kelapa Dua, Kabupaten Tangerang",,orthopedic-trauma-surgeon,2025-06-15 10:09:37
"dr. Mirna Phandu, Sp.OT",Sp. Orthopaedi & Traumatologi,Siloam Hospitals Lippo Village,"Kelapa Dua, Kabupaten Tangerang",https://d1ojs48v3n42tp.cloudfront.net/personnels/141605_24-3-2022_16-25-40.jpeg,orthopedic-trauma-surgeon,2025-06-15 10:09:37
"dr. Mochamad Sadabaskara, Sp.OT (K)",Sp. Orthopaedi & Traumatologi,Siloam Hospitals TB Simatupang,"Cilandak, Jakarta Selatan",https://d1ojs48v3n42tp.cloudfront.net/personnels/878733_24-6-2022_18-11-38.jpeg,orthopedic-trauma-surgeon,2025-06-15 10:09:37
dr. Much Sofwan Sp.OT (K),Sp. Orthopaedi & Traumatologi,RS Mitra Keluarga Cibubur,"Jatisampurna, Bekasi",https://d1ojs48v3n42tp.cloudfront.net/personnels/615848_25-4-2025_15-21-6.png,orthopedic-trauma-surgeon,2025-06-15 10:09:37
dr. Muki Partono Sp.OT,Sp. Orthopaedi & Traumatologi,RS Jakarta,"Setiabudi, Jakarta Selatan",,orthopedic-trauma-surgeon,2025-06-15 10:09:37
"dr. Naharudin I., Sp.OT., M.Kes",Sp. Orthopaedi & Traumatologi,RS Mitra Keluarga Tegal,"Tegal Barat, Kota Tegal",https://d1ojs48v3n42tp.cloudfront.net/personnels/334032_30-12-2022_14-9-1.png,orthopedic-trauma-surgeon,2025-06-15 10:09:37
"dr. Nario Gunawan, Sp.OT","Sp. Orthopaedi & Traumatologi, Dokter Bedah",RS Mitra Keluarga Surabaya,"Sukomanunggal, Kota Surabaya",https://d1ojs48v3n42tp.cloudfront.net/personnels/827441_14-12-2022_14-40-41.png,orthopedic-trauma-surgeon,2025-06-15 10:09:37
dr. Nia Irayati Sp.OT,Sp. Orthopaedi & Traumatologi,Siloam Hospitals ASRI,"Pancoran, Jakarta Selatan",https://d1ojs48v3n42tp.cloudfront.net/personnels/430451_31-10-2022_16-11-54.jpeg,orthopedic-trauma-surgeon,2025-06-15 10:09:37
"Dr. dr. Norman Zainal, Sp.OT, M.Kes, CCD, FICS",Sp. Orthopaedi & Traumatologi,Siloam Hospitals Agora,"Cempaka Putih, Jakarta Pusat",https://d1ojs48v3n42tp.cloudfront.net/personnels/592579_19-6-2023_12-37-36.png,orthopedic-trauma-surgeon,2025-06-15 10:09:37
"dr. Notinas Horas, Sp.OT",Sp. Orthopaedi & Traumatologi,Siloam Hospitals Makassar,"Ujung Pandang, Kota Makassar",https://d1ojs48v3n42tp.cloudfront.net/personnels/367815_15-6-2022_16-50-24.jpeg,orthopedic-trauma-surgeon,2025-06-15 10:09:37
"dr. Nur Flora Nita TB Sinaga, Sp.OT",Sp. Orthopaedi & Traumatologi,RS Mitra Keluarga Waru,"Waru, Kabupaten Sidoarjo",https://d1ojs48v3n42tp.cloudfront.net/personnels/785065_14-12-2022_14-44-20.png,orthopedic-trauma-surgeon,2025-06-15 10:09:40
"dr. Nurjaya Yudya Agni, Sp.OT",Sp. Orthopaedi & Traumatologi,Mayapada Hospital Bogor,"Bogor Timur, Bogor",https://d1ojs48v3n42tp.cloudfront.net/personnels/726970_13-12-2022_13-40-40.jpeg,orthopedic-trauma-surgeon,2025-06-15 10:09:40
"dr. Oryza Satria, Sp.OT (K)","Sp. Orthopaedi & Traumatologi, Dokter Bedah",Mayapada Hospital Jakarta Selatan,"Cilandak, Jakarta Selatan",https://d1ojs48v3n42tp.cloudfront.net/personnels/817162_23-6-2022_16-20-21.jpeg,orthopedic-trauma-surgeon,2025-06-15 10:09:40
"dr. Peterson Sidabutar, Sp.OT",Sp. Orthopaedi & Traumatologi,Siloam Hospitals Bogor,"Bogor Tengah, Bogor",https://d1ojs48v3n42tp.cloudfront.net/personnels/536473_30-6-2022_17-4-51.jpeg,orthopedic-trauma-surgeon,2025-06-15 10:09:40
dr. Poeranto Hari Nugroho SpOT,Sp. Orthopaedi & Traumatologi,Siloam Hospitals Lippo Cikarang,"Cikarang Selatan, Kabupaten Bekasi",,orthopedic-trauma-surgeon,2025-06-15 10:09:40
"dr. Poetranto Hari Nugroho, Sp.OT",Sp. Orthopaedi & Traumatologi,Siloam Hospitals Lippo Cikarang,"Cikarang Selatan, Kabupaten Bekasi",https://d1ojs48v3n42tp.cloudfront.net/personnels/383618_23-6-2022_15-25-41.jpeg,orthopedic-trauma-surgeon,2025-06-15 10:09:40
"dr. Posma Simandjuntak, Sp.B, Sp.BO",Sp. Orthopaedi & Traumatologi,RS Immanuel,"Bojongloa Kidul, Kota Bandung",https://d1ojs48v3n42tp.cloudfront.net/personnels/478322_21-5-2021_11-57-43.jpeg,orthopedic-trauma-surgeon,2025-06-15 10:09:40
"dr. Pradhana Wijayanta, Sp.OT","Sp. Orthopaedi & Traumatologi, Dokter Bedah",Mayapada Hospital Tangerang,"Tangerang, Tangerang",https://d1ojs48v3n42tp.cloudfront.net/personnels/457538_13-12-2022_14-5-11.jpeg,orthopedic-trauma-surgeon,2025-06-15 10:09:40
"dr. Pramono Ari Wibowo, Sp.OT",Sp. Orthopaedi & Traumatologi,RS Mitra Keluarga Kenjeran,"Mulyorejo, Kota Surabaya",https://d1ojs48v3n42tp.cloudfront.net/personnels/794377_21-12-2022_15-26-21.jpeg,orthopedic-trauma-surgeon,2025-06-15 10:09:40
"dr. Primadika Rubiansyah, Sp.OT",Sp. Orthopaedi & Traumatologi,Siloam Hospitals Sriwijaya Palembang,"Ilir Barat I, Kota Palembang",https://d1ojs48v3n42tp.cloudfront.net/personnels/398996_22-12-2022_17-56-50.png,orthopedic-trauma-surgeon,2025-06-15 10:09:40
"dr. Putu Bagus Didiet Khresna Wibawa, Sp.OT","Sp. Orthopaedi & Traumatologi, Dokter Bedah",Mayapada Hospital Kuningan,"Setiabudi, Jakarta Selatan",https://d1ojs48v3n42tp.cloudfront.net/personnels/570187_19-12-2022_16-11-48.png,orthopedic-trauma-surgeon,2025-06-15 10:09:43
"dr. Putut Sugiantoro Sp OT, K",Sp. Orthopaedi & Traumatologi,Siloam Hospitals Lippo Village,"Kelapa Dua, Kabupaten Tangerang",,orthopedic-trauma-surgeon,2025-06-15 10:09:43
"dr. Putut Sugiantoro, Sp.OT (K)",Sp. Orthopaedi & Traumatologi,Siloam Hospitals Lippo Village,"Kelapa Dua, Kabupaten Tangerang",https://d1ojs48v3n42tp.cloudfront.net/personnels/448986_25-3-2022_8-55-15.png,orthopedic-trauma-surgeon,2025-06-15 10:09:43
"dr. Putut Sugiantoro, Sp.OT.K K",Sp. Orthopaedi & Traumatologi,Siloam Hospitals Lippo Village,"Kelapa Dua, Kabupaten Tangerang",,orthopedic-trauma-surgeon,2025-06-15 10:09:43
"R. Permana Yudhadibrata, Sp.OT",Sp. Orthopaedi & Traumatologi,RS Setiabudi,"Medan Sunggal, Kota Medan",,orthopedic-trauma-surgeon,2025-06-15 10:09:43
"dr. R. Rahendra Pratama , Sp.OT (K)",Sp. Orthopaedi & Traumatologi,RS Mitra Keluarga Kalideres,"Kalideres, Jakarta Barat",https://d1ojs48v3n42tp.cloudfront.net/personnels/182090_24-7-2024_14-45-59.png,orthopedic-trauma-surgeon,2025-06-15 10:09:43
"dr. Rady Dwipayana, M.Kes, Sp.OT",Sp. Orthopaedi & Traumatologi,Siloam Hospitals Surabaya,"Gubeng, Kota Surabaya",https://d1ojs48v3n42tp.cloudfront.net/personnels/252686_18-9-2020_16-28-36.png,orthopedic-trauma-surgeon,2025-06-15 10:09:43
dr. Randy Presly Octavianus Sp OT,Sp. Orthopaedi & Traumatologi,Siloam Hospitals Semarang,"Semarang Selatan, Kota Semarang",,orthopedic-trauma-surgeon,2025-06-15 10:09:43
"dr. Randy Presly Octavianus, Sp.OT",Sp. Orthopaedi & Traumatologi,Siloam Hospitals Semarang,"Semarang Selatan, Kota Semarang",https://d1ojs48v3n42tp.cloudfront.net/personnels/393597_29-11-2022_16-46-51.jpeg,orthopedic-trauma-surgeon,2025-06-15 10:09:43
dr. Rendy Cahya Soetanto Sp. OT,Sp. Orthopaedi & Traumatologi,Mayapada Hospital Bandung,"Bandung Kidul, Kota Bandung",,orthopedic-trauma-surgeon,2025-06-15 10:09:43
"dr. Reyner Valiant Tumbelaka, M.Ked.Klien., Sp.OT","Sp. Orthopaedi & Traumatologi, Dokter Bedah",Mayapada Hospital Surabaya,"Sawahan, Kota Surabaya",https://d1ojs48v3n42tp.cloudfront.net/personnels/602047_13-12-2022_14-6-46.png,orthopedic-trauma-surgeon,2025-06-15 10:09:46
"dr. Ricky Wibowo, Sp.OT",Sp. Orthopaedi & Traumatologi,Siloam Hospitals Sriwijaya Palembang,"Ilir Barat I, Kota Palembang",https://d1ojs48v3n42tp.cloudfront.net/personnels/799044_17-7-2020_12-8-49.png,orthopedic-trauma-surgeon,2025-06-15 10:09:46
"dr. Riky Febriansyah Saleh, Sp.OT",Sp. Orthopaedi & Traumatologi,Siloam Hospitals Mampang,"Pancoran, Jakarta Selatan",,orthopedic-trauma-surgeon,2025-06-15 10:09:46
Rizki Hidayat Sp.OT,Sp. Orthopaedi & Traumatologi,RS Keluarga Sehat Pati,"Margorejo, Pati",,orthopedic-trauma-surgeon,2025-06-15 10:09:46
dr. Robert Manahan Sp.OT,Sp. Orthopaedi & Traumatologi,Rspad Gatot Subroto (Paviliun),"Senen, Jakarta Pusat",,orthopedic-trauma-surgeon,2025-06-15 10:09:46
"dr. Robert Martua, Sp.OT",Sp. Orthopaedi & Traumatologi,Siloam Hospitals Purwakarta,"Bungursari, Kabupaten Purwakarta",https://d1ojs48v3n42tp.cloudfront.net/personnels/764731_30-12-2022_10-54-58.png,orthopedic-trauma-surgeon,2025-06-15 10:09:46
Dr. Rollando Erric Manibuy sp OT,Sp. Orthopaedi & Traumatologi,RS Vania,"Bogor Timur, Bogor",,orthopedic-trauma-surgeon,2025-06-15 10:09:46
"dr. Rudi Febrianto, Sp.OT",Sp. Orthopaedi & Traumatologi,Siloam Hospitals Mataram,"Mataram, Kota Mataram",https://d1ojs48v3n42tp.cloudfront.net/personnels/797568_24-3-2023_15-57-10.jpeg,orthopedic-trauma-surgeon,2025-06-15 10:09:46
"dr. Safrinal Sofian, Sp.OT",Sp. Orthopaedi & Traumatologi,Klinik Utama Bidakara Medical Center & Apotek Farmarin Bidakara,"Tebet, Jakarta Selatan",,orthopedic-trauma-surgeon,2025-06-15 10:09:46
"dr. Samuel Jason Rolando T., Sp.OT",Sp. Orthopaedi & Traumatologi,RS Immanuel,"Bojongloa Kidul, Kota Bandung",https://d1ojs48v3n42tp.cloudfront.net/personnels/337941_6-2-2023_12-13-5.png,orthopedic-trauma-surgeon,2025-06-15 10:09:46
dr. Satria Prawira Putra Sp.OT (K),Sp. Orthopaedi & Traumatologi,RS Mitra Keluarga Bekasi Timur,"Bekasi Timur, Bekasi",https://d1ojs48v3n42tp.cloudfront.net/personnels/581965_29-4-2025_13-24-48.png,orthopedic-trauma-surgeon,2025-06-15 10:09:49
"dr. Sigit Wedhanto, Sp.OT","Sp. Orthopaedi & Traumatologi, Dokter Bedah",Mayapada Hospital Jakarta Selatan,"Cilandak, Jakarta Selatan",https://d1ojs48v3n42tp.cloudfront.net/personnels/205072_24-6-2022_10-49-25.png,orthopedic-trauma-surgeon,2025-06-15 10:09:49
"dr. Soegiarto Soerodjojo, Sp.OT",Sp. Orthopaedi & Traumatologi,Siloam Hospitals Sriwijaya Palembang,"Ilir Barat I, Kota Palembang",https://d1ojs48v3n42tp.cloudfront.net/personnels/340715_26-8-2020_11-9-27.png,orthopedic-trauma-surgeon,2025-06-15 10:09:49
"dr. Stephanus Hendrata Darmadi, Sp.OT., M.Kes","Sp. Orthopaedi & Traumatologi, Dokter Bedah",Siloam Hospitals Surabaya,"Gubeng, Kota Surabaya",https://d1ojs48v3n42tp.cloudfront.net/personnels/494619_1-7-2021_8-42-1.png,orthopedic-trauma-surgeon,2025-06-15 10:09:49
"dr. Sumpada Priambudi, Sp.OT","Sp. Orthopaedi & Traumatologi, Dokter Bedah",Mayapada Hospital Jakarta Selatan,"Cilandak, Jakarta Selatan",https://d1ojs48v3n42tp.cloudfront.net/personnels/409012_16-3-2023_10-29-15.png,orthopedic-trauma-surgeon,2025-06-15 10:09:49
"dr. Sunaryo Kusumo, Sp.OT (K) Hip., M.Kes","Sp. Orthopaedi & Traumatologi, Dokter Bedah",Mayapada Hospital Jakarta Selatan,"Cilandak, Jakarta Selatan",https://d1ojs48v3n42tp.cloudfront.net/personnels/385495_13-12-2022_15-49-31.png,orthopedic-trauma-surgeon,2025-06-15 10:09:49
"dr. Syaiful Hadi, Sp.OT","Sp. Orthopaedi & Traumatologi, Dokter Bedah",RS Mitra Keluarga Depok,"Pancoran Mas, Depok",https://d1ojs48v3n42tp.cloudfront.net/personnels/462847_11-4-2022_12-54-33.jpeg,orthopedic-trauma-surgeon,2025-06-15 10:09:49
"dr. Taufin Warindra, Sp.OT","Sp. Orthopaedi & Traumatologi, Dokter Bedah",RS Mitra Keluarga Surabaya,"Sukomanunggal, Kota Surabaya",https://d1ojs48v3n42tp.cloudfront.net/personnels/873107_14-12-2022_13-32-31.png,orthopedic-trauma-surgeon,2025-06-15 10:09:49
"dr. Teddy Heri Wardhana, Sp.OT","Sp. Orthopaedi & Traumatologi, Dokter Bedah",Siloam Hospitals Surabaya,"Gubeng, Kota Surabaya",https://d1ojs48v3n42tp.cloudfront.net/personnels/329073_22-12-2022_17-49-26.png,orthopedic-trauma-surgeon,2025-06-15 10:09:49
"dr. Theri Effendi, Sp.OT (K) Hand",Sp. Orthopaedi & Traumatologi,RS Orthopedi & Traumatologi Surabaya,"Lakarsantri, Kota Surabaya",,orthopedic-trauma-surgeon,2025-06-15 10:09:49
"dr. Tito Sulaksito, Sp.B, Sp.OT, FICS",Sp. Orthopaedi & Traumatologi,RS Mitra Keluarga Bekasi,"Bekasi Selatan, Bekasi",https://d1ojs48v3n42tp.cloudfront.net/personnels/627373_14-12-2022_13-59-23.jpeg,orthopedic-trauma-surgeon,2025-06-15 10:09:52
"dr. Triarto Budi Susanto, Sp.OT","Sp. Orthopaedi & Traumatologi, Dokter Bedah",RS Mitra Keluarga Waru,"Waru, Kabupaten Sidoarjo",https://d1ojs48v3n42tp.cloudfront.net/personnels/454291_14-12-2022_16-45-49.png,orthopedic-trauma-surgeon,2025-06-15 10:09:52
"dr. Trimanto Wibowo, Sp.OT",Sp. Orthopaedi & Traumatologi,RSU Syubbanul Wathon,"Pakis, Kabupaten Magelang",https://d1ojs48v3n42tp.cloudfront.net/personnels/558181_27-9-2022_16-21-36.png,orthopedic-trauma-surgeon,2025-06-15 10:09:52
"dr. Troydimas Panjaitan, Sp.OT","Sp. Orthopaedi & Traumatologi, Dokter Bedah",RS Mitra Keluarga Kelapa Gading,"Kelapa Gading, Jakarta Utara",https://d1ojs48v3n42tp.cloudfront.net/personnels/146672_28-12-2022_17-34-47.jpeg,orthopedic-trauma-surgeon,2025-06-15 10:09:52
"dr. Wahyu Eko Widiharso, Sp.OT","Sp. Orthopaedi & Traumatologi, Dokter Bedah",RS Bina Husada,"Cibinong, Kabupaten Bogor",https://d1ojs48v3n42tp.cloudfront.net/personnels/841639_14-12-2022_13-59-6.jpeg,orthopedic-trauma-surgeon,2025-06-15 10:09:52
"dr. Wibisono, Sp.OT",Sp. Orthopaedi & Traumatologi,Siloam Hospitals Lippo Village,"Kelapa Dua, Kabupaten Tangerang",https://d1ojs48v3n42tp.cloudfront.net/personnels/611570_25-3-2022_9-27-24.jpeg,orthopedic-trauma-surgeon,2025-06-15 10:09:52
"dr. Widiyatmiko Arifin Putro, Sp.OT",Sp. Orthopaedi & Traumatologi,Siloam Hospitals Putera Bahagia Cirebon,"Harjamukti, Kota Cirebon",https://d1ojs48v3n42tp.cloudfront.net/personnels/104063_8-12-2022_16-54-0.png,orthopedic-trauma-surgeon,2025-06-15 10:09:52
"dr. Widya Arsa, Sp.OT","Sp. Orthopaedi & Traumatologi, Dokter Bedah",Siloam Hospitals Purwakarta,"Bungursari, Kabupaten Purwakarta",https://d1ojs48v3n42tp.cloudfront.net/personnels/528885_22-12-2022_17-42-13.png,orthopedic-trauma-surgeon,2025-06-15 10:09:52
dr. Widyastuti Sp.OT,Sp. Orthopaedi & Traumatologi,RS Pondok Indah - Pondok Indah,"Kebayoran Lama, Jakarta Selatan",,orthopedic-trauma-surgeon,2025-06-15 10:09:52
"dr. Widyastuti Srie Utami, Sp.OT",Sp. Orthopaedi & Traumatologi,Siloam Hospitals TB Simatupang,"Cilandak, Jakarta Selatan",https://d1ojs48v3n42tp.cloudfront.net/personnels/761169_24-6-2022_18-18-43.jpeg,orthopedic-trauma-surgeon,2025-06-15 10:09:52
"dr. Wirindro Wisnubroto, Sp.OT",Sp. Orthopaedi & Traumatologi,RS Mitra Keluarga Kenjeran,"Mulyorejo, Kota Surabaya",https://d1ojs48v3n42tp.cloudfront.net/personnels/113723_20-7-2022_14-8-43.png,orthopedic-trauma-surgeon,2025-06-15 10:09:57
"dr. Yanuar Cahyadarma, Sp.OT",Sp. Orthopaedi & Traumatologi,RS Mitra Keluarga Pondok Tjandra,"Waru, Kabupaten Sidoarjo",https://d1ojs48v3n42tp.cloudfront.net/personnels/691610_13-12-2022_16-42-48.png,orthopedic-trauma-surgeon,2025-06-15 10:09:57
"dr. Yudistira Parulian Siregar, Sp.OT",Sp. Orthopaedi & Traumatologi,MRCCC Siloam Hospitals Semanggi,"Setiabudi, Jakarta Selatan",https://d1ojs48v3n42tp.cloudfront.net/personnels/497879_20-6-2023_14-18-16.jpeg,orthopedic-trauma-surgeon,2025-06-15 10:09:57
"dr. Yudistira Prama Tirta, Sp.OT","Sp. Orthopaedi & Traumatologi, Dokter Bedah",Mayapada Hospital Tangerang,"Tangerang, Tangerang",https://d1ojs48v3n42tp.cloudfront.net/personnels/439948_26-10-2022_16-17-21.png,orthopedic-trauma-surgeon,2025-06-15 10:09:57
"dr. Yuliana, Sp.OT",Sp. Orthopaedi & Traumatologi,RS Immanuel,"Bojongloa Kidul, Kota Bandung",https://d1ojs48v3n42tp.cloudfront.net/personnels/440450_21-5-2021_12-10-15.jpeg,orthopedic-trauma-surgeon,2025-06-15 10:09:57
dr. ZEN FIRHAN Sp.OT,Sp. Orthopaedi & Traumatologi,RS Orthopedi Siaga Raya,"Pasar Minggu, Jakarta Selatan",,orthopedic-trauma-surgeon,2025-06-15 10:09:57
dr. Zuwanda Sp.OT,Sp. Orthopaedi & Traumatologi,Siloam Hospitals Labuan Bajo,"Komodo, Kabupaten Manggarai Barat",https://d1ojs48v3n42tp.cloudfront.net/personnels/141123_29-11-2022_16-20-44.jpeg,orthopedic-trauma-surgeon,2025-06-15 10:09:57
dr Mohamed Ashraff,Sp. Orthopaedi & Traumatologi,Pantai Hospital Kuala Lumpur,"Mampang Prapatan, Jakarta Selatan",,orthopedic-trauma-surgeon,2025-06-15 10:09:57
"dr. Adytia Andreyta Refa, Sp.OT",Sp. Orthopaedi & Traumatologi,RS Sentra Medika Cisalak,"Sukmajaya, Depok",,orthopedic-trauma-surgeon,2025-06-15 10:09:57
"dr. Alan Philips Kustianto Putra Resubun, Sp.OT",Sp. Orthopaedi & Traumatologi,RSU Bunda Thamrin Medan,"Medan Sunggal, Kota Medan",,orthopedic-trauma-surgeon,2025-06-15 10:09:57
dr. Harwant Singh,Sp. Orthopaedi & Traumatologi,Pantai Hospital Kuala Lumpur,"Mampang Prapatan, Jakarta Selatan",,orthopedic-trauma-surgeon,2025-06-15 10:10:04
Dr. dr. Heri Suroto Sp.OT.FICS,Sp. Orthopaedi & Traumatologi,RS Adi Husada Undaan Wetan,"Genteng, Kota Surabaya",,orthopedic-trauma-surgeon,2025-06-15 10:10:04
dr. Heri Suroto Sp.OT,Sp. Orthopaedi & Traumatologi,RS Katolik St. Vincentius a Paulo (RKZ),"Wonokromo, Kota Surabaya",,orthopedic-trauma-surgeon,2025-06-15 10:10:04
"dr. Herwindo Ridwan, Sp.OT",Sp. Orthopaedi & Traumatologi,RS Bethsaida,"Kelapa Dua, Kabupaten Tangerang",,orthopedic-trauma-surgeon,2025-06-15 10:10:04
"dr. I Gusti Ngurah Wien Aryana, Sp.OT (K)",Sp. Orthopaedi & Traumatologi,Bali Royal Hospital,"Denpasar Timur, Kota Denpasar",,orthopedic-trauma-surgeon,2025-06-15 10:10:04
"dr. Jursal Harun, Sp.OT (K)",Sp. Orthopaedi & Traumatologi,Tzu Chi Hospital,"Penjaringan, Jakarta Utara",,orthopedic-trauma-surgeon,2025-06-15 10:10:04
"dr. Kerwin Halim, Sp.OT",Sp. Orthopaedi & Traumatologi,Siloam Hospitals Lippo Village,"Kelapa Dua, Kabupaten Tangerang",,orthopedic-trauma-surgeon,2025-06-15 10:10:04
"dr. M. Anggi Montazeri, Sp.OT",Sp. Orthopaedi & Traumatologi,RS Dinda,"Jatiuwung, Tangerang",,orthopedic-trauma-surgeon,2025-06-15 10:10:04
"dr. Nico Lie, Sp.OT",Sp. Orthopaedi & Traumatologi,RS Royal Taruma,"Grogol Petamburan, Jakarta Barat",,orthopedic-trauma-surgeon,2025-06-15 10:10:04
"dr. Oktavianus, Sp.OT (K) Spine",Sp. Orthopaedi & Traumatologi,RS Mitra Medika Pontianak,"Pontianak Kota, Kota Pontianak",,orthopedic-trauma-surgeon,2025-06-15 10:10:04
"dr. Teddy Heri Wardhana, Sp.OT(K)",Sp. Orthopaedi & Traumatologi,Mayapada Hospital Surabaya,"Sawahan, Kota Surabaya",,orthopedic-trauma-surgeon,2025-06-15 10:10:07
"dr. Witantra Dhamar, SpOT",Sp. Orthopaedi & Traumatologi,RS Murni Teguh Sudirman Jakarta,"Tanah Abang, Jakarta Pusat",,orthopedic-trauma-surgeon,2025-06-15 10:10:07
"dr.Ahmad Ramdan, SP.OT(K)",Sp. Orthopaedi & Traumatologi,RS Melinda 2,"Cicendo, Kota Bandung",,orthopedic-trauma-surgeon,2025-06-15 10:10:07
"dr.Handoko, Sp.OT",Sp. Orthopaedi & Traumatologi,RS Satya Negara,"Tanjung Priok, Jakarta Utara",,orthopedic-trauma-surgeon,2025-06-15 10:10:07
dr.Ong Kim Pho,Sp. Orthopaedi & Traumatologi,Gleneagles Penang,"Mampang Prapatan, Jakarta Selatan",,orthopedic-trauma-surgeon,2025-06-15 10:10:07
dr. Abdul Jamal Mohamed Thalha SpB.OT,Sp. Orthopaedi & Traumatologi,halodoc,"Setiabudi, Jakarta Selatan",,orthopedic-trauma-surgeon,2025-06-15 10:10:07
"dr. Adi Aryanto, Sp.OT","Sp. Orthopaedi & Traumatologi, Dokter Bedah",Siloam Hospitals Balikpapan,"Balikpapan Selatan, Kota Balikpapan",https://d1ojs48v3n42tp.cloudfront.net/personnels/586695_13-12-2022_15-41-57.png,orthopedic-trauma-surgeon,2025-06-15 10:10:07
Dr. Adytia Andreyta Refa Sp.OT,Sp. Orthopaedi & Traumatologi,halodoc,"Setiabudi, Jakarta Selatan",,orthopedic-trauma-surgeon,2025-06-15 10:10:07
dr. Agus Kresnadi Sp.OT,Sp. Orthopaedi & Traumatologi,RS Ichsan Medical Centre Bintaro,"Ciputat, Tangerang Selatan",,orthopedic-trauma-surgeon,2025-06-15 10:10:07
Dr. Akbar Gazali Sp.OT,Sp. Orthopaedi & Traumatologi,halodoc,"Setiabudi, Jakarta Selatan",,orthopedic-trauma-surgeon,2025-06-15 10:10:07
"dr. Alvarez Zevanya Moningka, Sp.OT",Sp. Orthopaedi & Traumatologi,Siloam Hospitals Balikpapan,"Balikpapan Selatan, Kota Balikpapan",https://d1ojs48v3n42tp.cloudfront.net/personnels/327170_24-12-2023_12-40-37.jpeg,orthopedic-trauma-surgeon,2025-06-15 10:10:10
dr. Amri Muhyi Sp.OT,Sp. Orthopaedi & Traumatologi,halodoc,"Setiabudi, Jakarta Selatan",,orthopedic-trauma-surgeon,2025-06-15 10:10:10
"dr. Andi Hendrawan, SpOT",Sp. Orthopaedi & Traumatologi,Praktek Dokter Spesialis -,"Sawah Besar, Jakarta Pusat",,orthopedic-trauma-surgeon,2025-06-15 10:10:10
"dr. Andi Hendrawan, SpOT",Sp. Orthopaedi & Traumatologi,Praktek Dokter Spesialis -,"Sawah Besar, Jakarta Pusat",,orthopedic-trauma-surgeon,2025-06-15 10:10:10
"dr. Andre Ruggery Ichwan, Sp.OT",Sp. Orthopaedi & Traumatologi,halodoc,"Setiabudi, Jakarta Selatan",,orthopedic-trauma-surgeon,2025-06-15 10:10:10
"Dr. Andriessanto Ceelvin Lengkong M.Kes, Sp.OT",Sp. Orthopaedi & Traumatologi,halodoc,"Setiabudi, Jakarta Selatan",,orthopedic-trauma-surgeon,2025-06-15 10:10:10
dr Andy Ardiansyah Sp. OT,Sp. Orthopaedi & Traumatologi,halodoc,"Setiabudi, Jakarta Selatan",,orthopedic-trauma-surgeon,2025-06-15 10:10:10
Dr. Anissa Feby Canintika Sp.OT,Sp. Orthopaedi & Traumatologi,halodoc,"Setiabudi, Jakarta Selatan",,orthopedic-trauma-surgeon,2025-06-15 10:10:10
"dr. Astuti Pitarini, Sp.OT",Sp. Orthopaedi & Traumatologi,RS St. Carolus Salemba,"Senen, Jakarta Pusat",https://d1ojs48v3n42tp.cloudfront.net/personnels/71025_20-6-2023_14-20-12.jpeg,orthopedic-trauma-surgeon,2025-06-15 10:10:10
"dr. Bagus Pramantha Putra Wijaya, Sp.OT",Sp. Orthopaedi & Traumatologi,RS St. Carolus Salemba,"Senen, Jakarta Pusat",https://d1ojs48v3n42tp.cloudfront.net/personnels/414241_20-6-2023_14-18-3.jpeg,orthopedic-trauma-surgeon,2025-06-15 10:10:10
"Dr. Bagus Wibowo Soetojo Sp.OT, M.Ked.Klin",Sp. Orthopaedi & Traumatologi,halodoc,"Setiabudi, Jakarta Selatan",,orthopedic-trauma-surgeon,2025-06-15 10:10:15
Dr. Benedictus Deriano Sp.OT,Sp. Orthopaedi & Traumatologi,halodoc,"Setiabudi, Jakarta Selatan",,orthopedic-trauma-surgeon,2025-06-15 10:10:15
"Benedictus Deriano, Dr., Sp.Ot., Aifo-K]",Sp. Orthopaedi & Traumatologi,halodoc,"Setiabudi, Jakarta Selatan",,orthopedic-trauma-surgeon,2025-06-15 10:10:15
dr. Charanjeet Singh,Sp. Orthopaedi & Traumatologi,halodoc,"Setiabudi, Jakarta Selatan",,orthopedic-trauma-surgeon,2025-06-15 10:10:15
"dr. Claudia Santosa, Sp.OT",Sp. Orthopaedi & Traumatologi,RS St. Carolus Salemba,"Senen, Jakarta Pusat",https://d1ojs48v3n42tp.cloudfront.net/personnels/394182_20-6-2023_14-19-20.jpeg,orthopedic-trauma-surgeon,2025-06-15 10:10:15
"Dr. Dhira Atman, Sp.BS",Sp. Orthopaedi & Traumatologi,halodoc,"Setiabudi, Jakarta Selatan",,orthopedic-trauma-surgeon,2025-06-15 10:10:15
Dr. Thuralkumar Kanniah,Sp. Orthopaedi & Traumatologi,halodoc,"Setiabudi, Jakarta Selatan",,orthopedic-trauma-surgeon,2025-06-15 10:10:15
dr. Eric Kholinne Sp OT,Sp. Orthopaedi & Traumatologi,RS St. Carolus Salemba,"Senen, Jakarta Pusat",,orthopedic-trauma-surgeon,2025-06-15 10:10:15
"dr. Erica Kholinne, Sp.OT(K), PhD",Sp. Orthopaedi & Traumatologi,RS St. Carolus Salemba,"Senen, Jakarta Pusat",https://d1ojs48v3n42tp.cloudfront.net/personnels/139109_20-6-2023_14-16-56.jpeg,orthopedic-trauma-surgeon,2025-06-15 10:10:15
Dr. Ferdinand Arden Sp.OT,Sp. Orthopaedi & Traumatologi,halodoc,"Setiabudi, Jakarta Selatan",,orthopedic-trauma-surgeon,2025-06-15 10:10:15
dr. Fredy Arianto MS Ortho Sp.OT,Sp. Orthopaedi & Traumatologi,RS. KHUSUS BEDAH HALIMUN (IGD 24 JAM),"Setiabudi, Jakarta Selatan",,orthopedic-trauma-surgeon,2025-06-15 10:10:20
"dr. Hedy Wahyu Ramadhani, Sp.OT",Sp. Orthopaedi & Traumatologi,Siloam Hospitals Balikpapan,"Balikpapan Selatan, Kota Balikpapan",https://d1ojs48v3n42tp.cloudfront.net/personnels/765723_11-9-2020_12-14-58.png,orthopedic-trauma-surgeon,2025-06-15 10:10:20
"Dr. Heru Hermantrie M.Ked (Surg), Sp.OT",Sp. Orthopaedi & Traumatologi,halodoc,"Setiabudi, Jakarta Selatan",,orthopedic-trauma-surgeon,2025-06-15 10:10:20
"Dr. dr. Husna Dharma Putera, M.Si., Sp.OT (K)",Sp. Orthopaedi & Traumatologi,Siloam Hospitals Banjarmasin,"Banjarmasin Tengah, Kota Banjarmasin",https://d1ojs48v3n42tp.cloudfront.net/personnels/282063_22-12-2022_14-59-45.png,orthopedic-trauma-surgeon,2025-06-15 10:10:20
Dr. I Gusti Ngurah Indra Wiguna Sp.O.T.,Sp. Orthopaedi & Traumatologi,halodoc,"Setiabudi, Jakarta Selatan",,orthopedic-trauma-surgeon,2025-06-15 10:10:20
Dr. I Gusti Putu Yoga Kusmawan Sp.OT,Sp. Orthopaedi & Traumatologi,halodoc,"Setiabudi, Jakarta Selatan",,orthopedic-trauma-surgeon,2025-06-15 10:10:20
Dr. I Ketut Wahyu Trisaputra Sp.OT,Sp. Orthopaedi & Traumatologi,halodoc,"Setiabudi, Jakarta Selatan",,orthopedic-trauma-surgeon,2025-06-15 10:10:20
Dr. Imam Ramdhani Abdurrahman Sp.OT,Sp. Orthopaedi & Traumatologi,halodoc,"Setiabudi, Jakarta Selatan",,orthopedic-trauma-surgeon,2025-06-15 10:10:20
dr. Irwan Yusuf Sp.OT,Sp. Orthopaedi & Traumatologi,halodoc,"Setiabudi, Jakarta Selatan",,orthopedic-trauma-surgeon,2025-06-15 10:10:20
dr. J.B. Endrotomo S. Sp.OT,Sp. Orthopaedi & Traumatologi,RS St. Carolus Salemba,"Senen, Jakarta Pusat",https://d1ojs48v3n42tp.cloudfront.net/personnels/828560_20-6-2023_14-19-33.jpeg,orthopedic-trauma-surgeon,2025-06-15 10:10:20
"dr. Jecky Chandra M.Kes, Sp. OT (K)",Sp. Orthopaedi & Traumatologi,halodoc,"Setiabudi, Jakarta Selatan",,orthopedic-trauma-surgeon,2025-06-15 10:10:24
Dr. Ketut Kris Adi Marta Sp.OT,Sp. Orthopaedi & Traumatologi,halodoc,"Setiabudi, Jakarta Selatan",,orthopedic-trauma-surgeon,2025-06-15 10:10:24
Dr. Luky Tandio Putra Sp.OT,Sp. Orthopaedi & Traumatologi,halodoc,"Setiabudi, Jakarta Selatan",,orthopedic-trauma-surgeon,2025-06-15 10:10:24
dr. M. DERYL IVANSYAH SP.OT,Sp. Orthopaedi & Traumatologi,halodoc,"Setiabudi, Jakarta Selatan",,orthopedic-trauma-surgeon,2025-06-15 10:10:24
"dr. Magie Kusumah W., Sp.OT.,M.Kes",Sp. Orthopaedi & Traumatologi,RSUD Al Ihsan Provinsi Jawa Barat,"Baleendah, Kabupaten Bandung",,orthopedic-trauma-surgeon,2025-06-15 10:10:24
"Dr. Marcell Wijaya Yudakusuma Sp.OT, FICS",Sp. Orthopaedi & Traumatologi,halodoc,"Setiabudi, Jakarta Selatan",,orthopedic-trauma-surgeon,2025-06-15 10:10:24
"dr. Muh Tri Nugroho, Sp.OT",Sp. Orthopaedi & Traumatologi,RSUD Al Ihsan Provinsi Jawa Barat,"Baleendah, Kabupaten Bandung",,orthopedic-trauma-surgeon,2025-06-15 10:10:24
"Dr. Mukhlis Aziz M.Ked.Klin, Sp.OT",Sp. Orthopaedi & Traumatologi,halodoc,"Setiabudi, Jakarta Selatan",,orthopedic-trauma-surgeon,2025-06-15 10:10:24
"dr. Nadia Nastassia Primananda P.S.I., Sp.OT (K)",Sp. Orthopaedi & Traumatologi,RS St. Carolus Salemba,"Senen, Jakarta Pusat",https://d1ojs48v3n42tp.cloudfront.net/personnels/411741_20-6-2023_14-19-0.jpeg,orthopedic-trauma-surgeon,2025-06-15 10:10:24
dr. Novra Yudithya Sp.OT,Sp. Orthopaedi & Traumatologi,halodoc,"Setiabudi, Jakarta Selatan",,orthopedic-trauma-surgeon,2025-06-15 10:10:24
"dr. Paramita Dyah Lasmana, SP.OT",Sp. Orthopaedi & Traumatologi,halodoc,"Setiabudi, Jakarta Selatan",,orthopedic-trauma-surgeon,2025-06-15 10:10:27
dr. Paulus Ronald Hibono Sp.OT (K),Sp. Orthopaedi & Traumatologi,halodoc,"Setiabudi, Jakarta Selatan",,orthopedic-trauma-surgeon,2025-06-15 10:10:27
Dr. Putu Acarya Nugraha Winangun Sp.OT,Sp. Orthopaedi & Traumatologi,halodoc,"Setiabudi, Jakarta Selatan",,orthopedic-trauma-surgeon,2025-06-15 10:10:27
Dr. Rahmad Rian Sp.OT,Sp. Orthopaedi & Traumatologi,halodoc,"Setiabudi, Jakarta Selatan",,orthopedic-trauma-surgeon,2025-06-15 10:10:27
"Dr. Salman Al Wahaby M.Kes, Sp.OT",Sp. Orthopaedi & Traumatologi,halodoc,"Setiabudi, Jakarta Selatan",,orthopedic-trauma-surgeon,2025-06-15 10:10:27
"dr. Sigit, Sp.OT(K)onk",Sp. Orthopaedi & Traumatologi,RS St. Carolus Salemba,"Senen, Jakarta Pusat",https://d1ojs48v3n42tp.cloudfront.net/personnels/124197_20-6-2023_14-17-18.jpeg,orthopedic-trauma-surgeon,2025-06-15 10:10:27
dr. Tulus Sp.OT,Sp. Orthopaedi & Traumatologi,halodoc,"Setiabudi, Jakarta Selatan",,orthopedic-trauma-surgeon,2025-06-15 10:10:27
dr. Windi Martika Sp.OT,Sp. Orthopaedi & Traumatologi,halodoc,"Setiabudi, Jakarta Selatan",,orthopedic-trauma-surgeon,2025-06-15 10:10:27
"dr. Yuliana Rianto, Sp.OT",Sp. Orthopaedi & Traumatologi,Siloam Hospitals Balikpapan,"Balikpapan Selatan, Kota Balikpapan",https://d1ojs48v3n42tp.cloudfront.net/personnels/42414_29-11-2022_16-59-0.png,orthopedic-trauma-surgeon,2025-06-15 10:10:27
"dr. Ade Martinus, Sp.OT",Sp. Orthopaedi & Traumatologi,halodoc,"Setiabudi, Jakarta Selatan",,orthopedic-trauma-surgeon,2025-06-15 10:10:27
"dr. Alamsyah F Siregar, Sp.OT (K)",Sp. Orthopaedi & Traumatologi,halodoc,"Setiabudi, Jakarta Selatan",,orthopedic-trauma-surgeon,2025-06-15 10:10:31
"dr. Alexander Manus, Sp.OT",Sp. Orthopaedi & Traumatologi,halodoc,"Setiabudi, Jakarta Selatan",,orthopedic-trauma-surgeon,2025-06-15 10:10:31
dr. Ali Abdullah Sp OT,Sp. Orthopaedi & Traumatologi,halodoc,"Setiabudi, Jakarta Selatan",,orthopedic-trauma-surgeon,2025-06-15 10:10:31
"dr. Bima Satriono, Sp.OT",Sp. Orthopaedi & Traumatologi,halodoc,"Setiabudi, Jakarta Selatan",,orthopedic-trauma-surgeon,2025-06-15 10:10:31
"dr. Claudia Santosa, B.Med,Sci,Sp.OT",Sp. Orthopaedi & Traumatologi,halodoc,"Setiabudi, Jakarta Selatan",,orthopedic-trauma-surgeon,2025-06-15 10:10:31
"dr. D JUFRI NASUTION, Sp .OТ",Sp. Orthopaedi & Traumatologi,halodoc,"Setiabudi, Jakarta Selatan",,orthopedic-trauma-surgeon,2025-06-15 10:10:31
"dr. Eddy Jefferson , Sp.OT (K) Subs. Sport",Sp. Orthopaedi & Traumatologi,halodoc,"Setiabudi, Jakarta Selatan",,orthopedic-trauma-surgeon,2025-06-15 10:10:31
"dr. Erica Kholinne, Sp.OT(K)., PhD",Sp. Orthopaedi & Traumatologi,RS St. Carolus Salemba,"Senen, Jakarta Pusat",,orthopedic-trauma-surgeon,2025-06-15 10:10:31
"dr. Erica Kholinne, Sp.OT(K)., PhD",Sp. Orthopaedi & Traumatologi,RS St. Carolus Salemba,"Senen, Jakarta Pusat",,orthopedic-trauma-surgeon,2025-06-15 10:10:31
"dr. Erica Kholinne, Sp.OT(K)., PhD",Sp. Orthopaedi & Traumatologi,RS St. Carolus Salemba,"Senen, Jakarta Pusat",,orthopedic-trauma-surgeon,2025-06-15 10:10:31
"dr. Farindhra Ridhalhi, Sp.OT",Sp. Orthopaedi & Traumatologi,halodoc,"Setiabudi, Jakarta Selatan",,orthopedic-trauma-surgeon,2025-06-15 10:10:34
"dr. Gauda Granthana, SpOT",Sp. Orthopaedi & Traumatologi,0,"Bekasi Selatan, Bekasi",,orthopedic-trauma-surgeon,2025-06-15 10:10:34
"dr. Geon Rendy, SpOT",Sp. Orthopaedi & Traumatologi,halodoc,"Setiabudi, Jakarta Selatan",,orthopedic-trauma-surgeon,2025-06-15 10:10:34
"dr. Jecky Chandra, SP.OT",Sp. Orthopaedi & Traumatologi,halodoc,"Setiabudi, Jakarta Selatan",,orthopedic-trauma-surgeon,2025-06-15 10:10:34
"dr. Jephtah F.L Tobing, Sp.OT",Sp. Orthopaedi & Traumatologi,halodoc,"Setiabudi, Jakarta Selatan",,orthopedic-trauma-surgeon,2025-06-15 10:10:34
"dr. Krisna Yuarno Phatama, Sp.OT(K)",Sp. Orthopaedi & Traumatologi,halodoc,"Setiabudi, Jakarta Selatan",,orthopedic-trauma-surgeon,2025-06-15 10:10:34
"dr. Margareta Arianni, Sp.OT",Sp. Orthopaedi & Traumatologi,halodoc,"Setiabudi, Jakarta Selatan",,orthopedic-trauma-surgeon,2025-06-15 10:10:34
"dr. Moh Adib Khumaidi, SpOT",Sp. Orthopaedi & Traumatologi,halodoc,"Setiabudi, Jakarta Selatan",,orthopedic-trauma-surgeon,2025-06-15 10:10:34
dr. Muhammad Sakti Sp.OT,Sp. Orthopaedi & Traumatologi,Primaya Hospital Makassar,"Panakkukang, Kota Makassar",,orthopedic-trauma-surgeon,2025-06-15 10:10:34
"dr. Nyoman Adhi Pratama, M.Biomed, Sp.OT",Sp. Orthopaedi & Traumatologi,halodoc,"Setiabudi, Jakarta Selatan",,orthopedic-trauma-surgeon,2025-06-15 10:10:34
"dr. Rico Alexander, Sp.OT",Sp. Orthopaedi & Traumatologi,halodoc,"Setiabudi, Jakarta Selatan",,orthopedic-trauma-surgeon,2025-06-15 10:10:36
"dr. Riky Febriansyah Saleh, Sp.OT",Sp. Orthopaedi & Traumatologi,halodoc,"Setiabudi, Jakarta Selatan",,orthopedic-trauma-surgeon,2025-06-15 10:10:36
